date,provider_id,chair_id,available_hours,scheduled_hours,used_hours
2025-06-12,1,1,8.6,6.5,6.0
2025-06-12,2,2,8.4,7.7,7.16
2025-06-12,3,3,8.0,6.2,5.38
2025-06-12,4,4,7.6,6.1,5.17
2025-06-12,5,5,7.2,5.7,4.74
2025-06-12,6,1,8.0,6.4,5.75
2025-06-12,7,2,7.6,5.7,5.05
2025-06-12,8,3,6.0,5.0,3.59
2025-06-12,9,4,5.2,4.3,2.86
2025-06-13,1,1,7.0,6.6,6.25
2025-06-13,2,2,6.8,6.3,5.75
2025-06-13,3,3,6.5,5.4,4.81
2025-06-13,4,4,6.2,5.5,4.88
2025-06-13,5,5,5.9,5.3,4.03
2025-06-13,6,1,6.5,5.3,4.55
2025-06-13,7,2,6.2,4.8,4.02
2025-06-13,8,3,4.9,4.1,3.06
2025-06-13,9,4,4.2,3.4,2.71
2025-06-14,1,1,0.0,0.0,0.0
2025-06-14,2,2,0.0,0.0,0.0
2025-06-14,3,3,0.0,0.0,0.0
2025-06-14,4,4,0.0,0.0,0.0
2025-06-14,5,5,0.0,0.0,0.0
2025-06-14,6,1,0.0,0.0,0.0
2025-06-14,7,2,0.0,0.0,0.0
2025-06-14,8,3,0.0,0.0,0.0
2025-06-14,9,4,0.0,0.0,0.0
2025-06-15,1,1,0.0,0.0,0.0
2025-06-15,2,2,0.0,0.0,0.0
2025-06-15,3,3,0.0,0.0,0.0
2025-06-15,4,4,0.0,0.0,0.0
2025-06-15,5,5,0.0,0.0,0.0
2025-06-15,6,1,0.0,0.0,0.0
2025-06-15,7,2,0.0,0.0,0.0
2025-06-15,8,3,0.0,0.0,0.0
2025-06-15,9,4,0.0,0.0,0.0
2025-06-16,1,1,8.6,7.7,7.01
2025-06-16,2,2,8.4,6.6,6.0
2025-06-16,3,3,8.0,7.2,6.35
2025-06-16,4,4,7.6,7.2,6.3
2025-06-16,5,5,7.2,5.5,4.3
2025-06-16,6,1,8.0,6.4,5.91
2025-06-16,7,2,7.6,6.3,5.45
2025-06-16,8,3,6.0,5.8,4.4
2025-06-16,9,4,5.2,4.2,3.08
2025-06-17,1,1,8.6,7.6,7.36
2025-06-17,2,2,8.4,6.7,6.39
2025-06-17,3,3,8.0,6.2,5.2
2025-06-17,4,4,7.6,6.8,5.98
2025-06-17,5,5,7.2,5.5,4.38
2025-06-17,6,1,8.0,7.0,6.47
2025-06-17,7,2,7.6,5.7,5.02
2025-06-17,8,3,6.0,5.2,3.86
2025-06-17,9,4,5.2,4.0,2.88
2025-06-18,1,1,8.6,8.4,8.05
2025-06-18,2,2,8.4,7.3,6.49
2025-06-18,3,3,8.0,7.6,6.57
2025-06-18,4,4,7.6,6.8,5.51
2025-06-18,5,5,7.2,6.3,5.31
2025-06-18,6,1,8.0,6.0,5.26
2025-06-18,7,2,7.6,7.3,6.52
2025-06-18,8,3,6.0,4.9,3.49
2025-06-18,9,4,5.2,5.0,3.34
2025-06-19,1,1,8.6,6.6,6.31
2025-06-19,2,2,8.4,6.5,5.98
2025-06-19,3,3,8.0,6.5,5.9
2025-06-19,4,4,7.6,6.1,5.18
2025-06-19,5,5,7.2,5.7,4.51
2025-06-19,6,1,8.0,7.2,6.37
2025-06-19,7,2,7.6,5.9,4.95
2025-06-19,8,3,6.0,5.3,3.89
2025-06-19,9,4,5.2,4.0,2.97
2025-06-20,1,1,7.0,6.7,6.46
2025-06-20,2,2,6.8,5.5,5.09
2025-06-20,3,3,6.5,5.1,4.64
2025-06-20,4,4,6.2,5.3,4.66
2025-06-20,5,5,5.9,4.6,3.54
2025-06-20,6,1,6.5,5.5,4.89
2025-06-20,7,2,6.2,5.6,5.02
2025-06-20,8,3,4.9,4.1,3.07
2025-06-20,9,4,4.2,3.4,2.31
2025-06-21,1,1,0.0,0.0,0.0
2025-06-21,2,2,0.0,0.0,0.0
2025-06-21,3,3,0.0,0.0,0.0
2025-06-21,4,4,0.0,0.0,0.0
2025-06-21,5,5,0.0,0.0,0.0
2025-06-21,6,1,0.0,0.0,0.0
2025-06-21,7,2,0.0,0.0,0.0
2025-06-21,8,3,0.0,0.0,0.0
2025-06-21,9,4,0.0,0.0,0.0
2025-06-22,1,1,0.0,0.0,0.0
2025-06-22,2,2,0.0,0.0,0.0
2025-06-22,3,3,0.0,0.0,0.0
2025-06-22,4,4,0.0,0.0,0.0
2025-06-22,5,5,0.0,0.0,0.0
2025-06-22,6,1,0.0,0.0,0.0
2025-06-22,7,2,0.0,0.0,0.0
2025-06-22,8,3,0.0,0.0,0.0
2025-06-22,9,4,0.0,0.0,0.0
2025-06-23,1,1,8.6,7.3,6.73
2025-06-23,2,2,8.4,8.1,7.36
2025-06-23,3,3,8.0,7.0,5.92
2025-06-23,4,4,7.6,7.2,6.42
2025-06-23,5,5,7.2,6.8,5.24
2025-06-23,6,1,8.0,6.4,5.64
2025-06-23,7,2,7.6,6.4,5.72
2025-06-23,8,3,6.0,5.6,4.26
2025-06-23,9,4,5.2,5.0,4.03
2025-06-24,1,1,8.6,7.9,7.2
2025-06-24,2,2,8.4,8.2,7.52
2025-06-24,3,3,8.0,7.4,6.23
2025-06-24,4,4,7.6,6.6,5.82
2025-06-24,5,5,7.2,7.0,5.31
2025-06-24,6,1,8.0,7.1,6.41
2025-06-24,7,2,7.6,5.9,5.27
2025-06-24,8,3,6.0,5.3,4.19
2025-06-24,9,4,5.2,4.6,3.35
2025-06-25,1,1,8.6,6.9,6.54
2025-06-25,2,2,8.4,7.1,6.55
2025-06-25,3,3,8.0,6.6,5.92
2025-06-25,4,4,7.6,6.5,5.85
2025-06-25,5,5,7.2,5.5,4.28
2025-06-25,6,1,8.0,7.7,7.1
2025-06-25,7,2,7.6,6.3,5.28
2025-06-25,8,3,6.0,5.5,4.3
2025-06-25,9,4,5.2,4.7,3.05
2025-06-26,1,1,8.6,7.1,6.7
2025-06-26,2,2,8.4,6.6,5.83
2025-06-26,3,3,8.0,7.0,6.05
2025-06-26,4,4,7.6,7.0,5.71
2025-06-26,5,5,7.2,5.8,4.72
2025-06-26,6,1,8.0,7.6,6.48
2025-06-26,7,2,7.6,6.2,5.07
2025-06-26,8,3,6.0,5.4,3.96
2025-06-26,9,4,5.2,4.6,3.26
2025-06-27,1,1,3.5,2.7,2.59
2025-06-27,2,2,6.8,6.0,5.61
2025-06-27,3,3,6.5,5.1,4.33
2025-06-27,4,4,6.2,5.9,5.2
2025-06-27,5,5,5.9,5.6,4.34
2025-06-27,6,1,6.5,5.0,4.59
2025-06-27,7,2,6.2,5.2,4.53
2025-06-27,8,3,4.9,4.7,3.86
2025-06-27,9,4,4.2,4.0,3.09
2025-06-28,1,1,0.0,0.0,0.0
2025-06-28,2,2,0.0,0.0,0.0
2025-06-28,3,3,0.0,0.0,0.0
2025-06-28,4,4,0.0,0.0,0.0
2025-06-28,5,5,0.0,0.0,0.0
2025-06-28,6,1,0.0,0.0,0.0
2025-06-28,7,2,0.0,0.0,0.0
2025-06-28,8,3,0.0,0.0,0.0
2025-06-28,9,4,0.0,0.0,0.0
2025-06-29,1,1,0.0,0.0,0.0
2025-06-29,2,2,0.0,0.0,0.0
2025-06-29,3,3,0.0,0.0,0.0
2025-06-29,4,4,0.0,0.0,0.0
2025-06-29,5,5,0.0,0.0,0.0
2025-06-29,6,1,0.0,0.0,0.0
2025-06-29,7,2,0.0,0.0,0.0
2025-06-29,8,3,0.0,0.0,0.0
2025-06-29,9,4,0.0,0.0,0.0
2025-06-30,1,1,8.6,7.9,7.33
2025-06-30,2,2,8.4,7.8,7.38
2025-06-30,3,3,8.0,6.5,5.86
2025-06-30,4,4,7.6,7.2,6.4
2025-06-30,5,5,7.2,6.8,5.44
2025-06-30,6,1,8.0,7.5,6.48
2025-06-30,7,2,7.6,6.0,5.11
2025-06-30,8,3,6.0,5.8,4.31
2025-06-30,9,4,5.2,4.4,3.49
2025-07-01,1,1,8.6,8.3,7.58
2025-07-01,2,2,8.4,6.6,6.3
2025-07-01,3,3,8.0,6.2,5.42
2025-07-01,4,4,7.6,6.2,5.38
2025-07-01,5,5,7.2,6.0,4.95
2025-07-01,6,1,8.0,7.3,6.21
2025-07-01,7,2,7.6,6.6,5.83
2025-07-01,8,3,6.0,5.4,4.07
2025-07-01,9,4,5.2,4.7,3.28
2025-07-02,1,1,8.6,8.2,7.76
2025-07-02,2,2,8.4,6.9,6.27
2025-07-02,3,3,8.0,6.5,5.56
2025-07-02,4,4,7.6,7.3,6.37
2025-07-02,5,5,7.2,6.4,5.05
2025-07-02,6,1,8.0,6.0,5.24
2025-07-02,7,2,7.6,6.7,5.86
2025-07-02,8,3,6.0,5.1,3.73
2025-07-02,9,4,5.2,5.0,3.83
2025-07-03,1,1,8.6,6.6,6.22
2025-07-03,2,2,8.4,6.9,6.51
2025-07-03,3,3,8.0,7.2,6.21
2025-07-03,4,4,7.6,5.7,4.73
2025-07-03,5,5,7.2,6.8,5.16
2025-07-03,6,1,8.0,7.2,6.2
2025-07-03,7,2,7.6,6.6,5.51
2025-07-03,8,3,6.0,4.5,3.63
2025-07-03,9,4,5.2,4.0,2.87
2025-07-04,1,1,1.8,1.7,1.59
2025-07-04,2,2,1.7,1.4,1.29
2025-07-04,3,3,1.6,1.5,1.36
2025-07-04,4,4,1.5,1.4,1.23
2025-07-04,5,5,1.5,1.3,1.09
2025-07-04,6,1,1.6,1.5,1.37
2025-07-04,7,2,1.5,1.4,1.22
2025-07-04,8,3,1.2,1.0,0.78
2025-07-04,9,4,1.1,0.9,0.68
2025-07-05,1,1,0.0,0.0,0.0
2025-07-05,2,2,0.0,0.0,0.0
2025-07-05,3,3,0.0,0.0,0.0
2025-07-05,4,4,0.0,0.0,0.0
2025-07-05,5,5,0.0,0.0,0.0
2025-07-05,6,1,0.0,0.0,0.0
2025-07-05,7,2,0.0,0.0,0.0
2025-07-05,8,3,0.0,0.0,0.0
2025-07-05,9,4,0.0,0.0,0.0
2025-07-06,1,1,0.0,0.0,0.0
2025-07-06,2,2,0.0,0.0,0.0
2025-07-06,3,3,0.0,0.0,0.0
2025-07-06,4,4,0.0,0.0,0.0
2025-07-06,5,5,0.0,0.0,0.0
2025-07-06,6,1,0.0,0.0,0.0
2025-07-06,7,2,0.0,0.0,0.0
2025-07-06,8,3,0.0,0.0,0.0
2025-07-06,9,4,0.0,0.0,0.0
2025-07-07,1,1,8.6,6.6,6.1
2025-07-07,2,2,8.4,6.9,6.35
2025-07-07,3,3,8.0,6.4,5.75
2025-07-07,4,4,7.6,5.8,4.89
2025-07-07,5,5,7.2,6.1,4.72
2025-07-07,6,1,8.0,7.7,6.87
2025-07-07,7,2,7.6,7.2,6.34
2025-07-07,8,3,6.0,4.5,3.38
2025-07-07,9,4,5.2,4.9,3.9
2025-07-08,1,1,8.6,8.0,7.47
2025-07-08,2,2,8.4,6.7,6.02
2025-07-08,3,3,8.0,6.1,5.25
2025-07-08,4,4,7.6,6.4,5.23
2025-07-08,5,5,7.2,5.6,4.63
2025-07-08,6,1,8.0,6.7,6.02
2025-07-08,7,2,7.6,6.8,5.67
2025-07-08,8,3,6.0,4.6,3.44
2025-07-08,9,4,5.2,4.3,3.28
2025-07-09,1,1,8.6,8.0,7.64
2025-07-09,2,2,8.4,6.5,5.69
2025-07-09,3,3,8.0,7.8,6.8
2025-07-09,4,4,7.6,7.1,6.11
2025-07-09,5,5,7.2,7.0,5.4
2025-07-09,6,1,8.0,6.3,5.4
2025-07-09,7,2,7.6,6.7,5.6
2025-07-09,8,3,6.0,5.6,4.02
2025-07-09,9,4,5.2,4.8,3.2
2025-07-10,1,1,8.6,8.4,7.62
2025-07-10,2,2,8.4,6.9,6.4
2025-07-10,3,3,8.0,6.7,6.04
2025-07-10,4,4,7.6,6.9,5.96
2025-07-10,5,5,7.2,6.7,5.69
2025-07-10,6,1,8.0,6.2,5.78
2025-07-10,7,2,7.6,6.3,5.39
2025-07-10,8,3,6.0,5.2,3.89
2025-07-10,9,4,5.2,4.9,3.25
2025-07-11,1,1,7.0,6.3,6.03
2025-07-11,2,2,6.8,5.8,5.4
2025-07-11,3,3,6.5,5.3,4.78
2025-07-11,4,4,6.2,5.3,4.49
2025-07-11,5,5,5.9,4.7,4.05
2025-07-11,6,1,6.5,5.0,4.61
2025-07-11,7,2,6.2,5.3,4.6
2025-07-11,8,3,4.9,3.7,3.02
2025-07-11,9,4,4.2,3.4,2.6
2025-07-12,1,1,0.0,0.0,0.0
2025-07-12,2,2,0.0,0.0,0.0
2025-07-12,3,3,0.0,0.0,0.0
2025-07-12,4,4,0.0,0.0,0.0
2025-07-12,5,5,0.0,0.0,0.0
2025-07-12,6,1,0.0,0.0,0.0
2025-07-12,7,2,0.0,0.0,0.0
2025-07-12,8,3,0.0,0.0,0.0
2025-07-12,9,4,0.0,0.0,0.0
2025-07-13,1,1,0.0,0.0,0.0
2025-07-13,2,2,0.0,0.0,0.0
2025-07-13,3,3,0.0,0.0,0.0
2025-07-13,4,4,0.0,0.0,0.0
2025-07-13,5,5,0.0,0.0,0.0
2025-07-13,6,1,0.0,0.0,0.0
2025-07-13,7,2,0.0,0.0,0.0
2025-07-13,8,3,0.0,0.0,0.0
2025-07-13,9,4,0.0,0.0,0.0
2025-07-14,1,1,8.6,8.2,7.81
2025-07-14,2,2,8.4,6.3,5.98
2025-07-14,3,3,8.0,7.3,6.44
2025-07-14,4,4,7.6,6.9,5.97
2025-07-14,5,5,7.2,6.7,5.11
2025-07-14,6,1,8.0,7.3,6.36
2025-07-14,7,2,7.6,6.5,5.63
2025-07-14,8,3,6.0,5.5,4.13
2025-07-14,9,4,5.2,4.2,2.9
2025-07-15,1,1,8.6,6.9,6.23
2025-07-15,2,2,8.4,7.8,6.94
2025-07-15,3,3,8.0,6.9,6.19
2025-07-15,4,4,7.6,6.6,5.48
2025-07-15,5,5,7.2,5.7,4.45
2025-07-15,6,1,8.0,6.0,5.38
2025-07-15,7,2,7.6,7.4,6.4
2025-07-15,8,3,6.0,4.7,3.84
2025-07-15,9,4,5.2,4.9,3.64
2025-07-16,1,1,8.6,7.4,6.71
2025-07-16,2,2,8.4,8.1,7.42
2025-07-16,3,3,8.0,6.7,5.7
2025-07-16,4,4,7.6,5.8,4.72
2025-07-16,5,5,7.2,5.9,5.13
2025-07-16,6,1,8.0,7.4,6.65
2025-07-16,7,2,7.6,6.1,5.25
2025-07-16,8,3,6.0,5.1,4.19
2025-07-16,9,4,5.2,4.3,3.17
2025-07-17,1,1,8.6,8.0,7.68
2025-07-17,2,2,8.4,6.7,6.21
2025-07-17,3,3,8.0,6.3,5.35
2025-07-17,4,4,3.8,3.2,2.79
2025-07-17,5,5,7.2,5.8,4.83
2025-07-17,6,1,8.0,6.8,6.19
2025-07-17,7,2,7.6,7.1,6.16
2025-07-17,8,3,6.0,5.8,4.4
2025-07-17,9,4,5.2,4.7,3.68
2025-07-18,1,1,7.0,5.4,4.9
2025-07-18,2,2,6.8,6.3,5.79
2025-07-18,3,3,6.5,5.1,4.53
2025-07-18,4,4,6.2,6.0,5.07
2025-07-18,5,5,5.9,4.5,3.39
2025-07-18,6,1,6.5,5.4,4.66
2025-07-18,7,2,6.2,6.0,5.32
2025-07-18,8,3,4.9,4.7,3.97
2025-07-18,9,4,4.2,3.4,2.25
2025-07-19,1,1,0.0,0.0,0.0
2025-07-19,2,2,0.0,0.0,0.0
2025-07-19,3,3,0.0,0.0,0.0
2025-07-19,4,4,0.0,0.0,0.0
2025-07-19,5,5,0.0,0.0,0.0
2025-07-19,6,1,0.0,0.0,0.0
2025-07-19,7,2,0.0,0.0,0.0
2025-07-19,8,3,0.0,0.0,0.0
2025-07-19,9,4,0.0,0.0,0.0
2025-07-20,1,1,0.0,0.0,0.0
2025-07-20,2,2,0.0,0.0,0.0
2025-07-20,3,3,0.0,0.0,0.0
2025-07-20,4,4,0.0,0.0,0.0
2025-07-20,5,5,0.0,0.0,0.0
2025-07-20,6,1,0.0,0.0,0.0
2025-07-20,7,2,0.0,0.0,0.0
2025-07-20,8,3,0.0,0.0,0.0
2025-07-20,9,4,0.0,0.0,0.0
2025-07-21,1,1,8.6,7.4,7.01
2025-07-21,2,2,8.4,6.7,6.13
2025-07-21,3,3,8.0,6.9,5.85
2025-07-21,4,4,7.6,6.3,5.45
2025-07-21,5,5,7.2,5.9,4.95
2025-07-21,6,1,8.0,7.7,7.08
2025-07-21,7,2,7.6,6.5,5.49
2025-07-21,8,3,6.0,5.8,4.42
2025-07-21,9,4,5.2,5.1,3.8
2025-07-22,1,1,8.6,7.3,6.67
2025-07-22,2,2,8.4,7.8,7.17
2025-07-22,3,3,8.0,6.4,5.63
2025-07-22,4,4,7.6,6.5,5.62
2025-07-22,5,5,7.2,7.0,5.77
2025-07-22,6,1,8.0,6.3,5.62
2025-07-22,7,2,7.6,5.9,5.27
2025-07-22,8,3,6.0,5.1,3.68
2025-07-22,9,4,5.2,4.5,3.41
2025-07-23,1,1,8.6,7.0,6.73
2025-07-23,2,2,8.4,6.8,6.22
2025-07-23,3,3,8.0,7.7,6.78
2025-07-23,4,4,7.6,7.2,5.97
2025-07-23,5,5,7.2,6.1,5.25
2025-07-23,6,1,8.0,7.5,6.55
2025-07-23,7,2,7.6,6.7,6.05
2025-07-23,8,3,6.0,4.7,3.65
2025-07-23,9,4,5.2,4.6,3.34
2025-07-24,1,1,8.6,7.1,6.5
2025-07-24,2,2,8.4,7.4,6.64
2025-07-24,3,3,8.0,6.1,5.47
2025-07-24,4,4,7.6,7.1,5.97
2025-07-24,5,5,7.2,6.8,5.86
2025-07-24,6,1,8.0,6.1,5.4
2025-07-24,7,2,7.6,7.2,6.43
2025-07-24,8,3,6.0,5.2,3.99
2025-07-24,9,4,5.2,4.4,3.28
2025-07-25,1,1,7.0,6.0,5.83
2025-07-25,2,2,6.8,6.2,5.74
2025-07-25,3,3,6.5,6.1,5.59
2025-07-25,4,4,6.2,5.1,4.43
2025-07-25,5,5,5.9,5.6,4.19
2025-07-25,6,1,6.5,5.8,5.37
2025-07-25,7,2,6.2,5.7,4.86
2025-07-25,8,3,4.9,4.4,3.59
2025-07-25,9,4,4.2,3.8,3.02
2025-07-26,1,1,0.0,0.0,0.0
2025-07-26,2,2,0.0,0.0,0.0
2025-07-26,3,3,0.0,0.0,0.0
2025-07-26,4,4,0.0,0.0,0.0
2025-07-26,5,5,0.0,0.0,0.0
2025-07-26,6,1,0.0,0.0,0.0
2025-07-26,7,2,0.0,0.0,0.0
2025-07-26,8,3,0.0,0.0,0.0
2025-07-26,9,4,0.0,0.0,0.0
2025-07-27,1,1,0.0,0.0,0.0
2025-07-27,2,2,0.0,0.0,0.0
2025-07-27,3,3,0.0,0.0,0.0
2025-07-27,4,4,0.0,0.0,0.0
2025-07-27,5,5,0.0,0.0,0.0
2025-07-27,6,1,0.0,0.0,0.0
2025-07-27,7,2,0.0,0.0,0.0
2025-07-27,8,3,0.0,0.0,0.0
2025-07-27,9,4,0.0,0.0,0.0
2025-07-28,1,1,8.6,8.1,7.42
2025-07-28,2,2,8.4,6.6,6.04
2025-07-28,3,3,8.0,7.5,6.37
2025-07-28,4,4,7.6,7.2,6.23
2025-07-28,5,5,7.2,6.9,5.3
2025-07-28,6,1,8.0,6.5,5.63
2025-07-28,7,2,3.8,3.6,3.17
2025-07-28,8,3,6.0,4.7,3.59
2025-07-28,9,4,5.2,4.6,3.43
2025-07-29,1,1,8.6,7.0,6.69
2025-07-29,2,2,8.4,7.0,6.44
2025-07-29,3,3,8.0,7.1,6.25
2025-07-29,4,4,7.6,6.2,5.58
2025-07-29,5,5,7.2,5.9,4.79
2025-07-29,6,1,8.0,7.4,6.29
2025-07-29,7,2,7.6,6.6,5.86
2025-07-29,8,3,6.0,5.6,4.4
2025-07-29,9,4,5.2,4.7,3.46
2025-07-30,1,1,8.6,7.9,7.49
2025-07-30,2,2,8.4,7.5,7.09
2025-07-30,3,3,8.0,6.6,5.75
2025-07-30,4,4,7.6,7.0,5.65
2025-07-30,5,5,7.2,6.6,5.12
2025-07-30,6,1,8.0,7.0,6.49
2025-07-30,7,2,7.6,7.3,6.47
2025-07-30,8,3,6.0,5.6,4.33
2025-07-30,9,4,5.2,4.8,3.36
2025-07-31,1,1,8.6,8.4,7.64
2025-07-31,2,2,8.4,8.0,7.41
2025-07-31,3,3,8.0,7.8,7.04
2025-07-31,4,4,7.6,7.1,5.68
2025-07-31,5,5,7.2,6.2,5.11
2025-07-31,6,1,8.0,7.1,6.48
2025-07-31,7,2,7.6,5.9,4.94
2025-07-31,8,3,6.0,5.7,4.45
2025-07-31,9,4,5.2,4.2,2.75
2025-08-01,1,1,7.0,6.7,6.2
2025-08-01,2,2,6.8,5.3,5.05
2025-08-01,3,3,6.5,5.6,4.76
2025-08-01,4,4,6.2,4.8,4.08
2025-08-01,5,5,5.9,5.4,4.65
2025-08-01,6,1,6.5,6.0,5.16
2025-08-01,7,2,6.2,4.8,4.1
2025-08-01,8,3,4.9,4.7,3.33
2025-08-01,9,4,4.2,3.6,2.85
2025-08-02,1,1,0.0,0.0,0.0
2025-08-02,2,2,0.0,0.0,0.0
2025-08-02,3,3,0.0,0.0,0.0
2025-08-02,4,4,0.0,0.0,0.0
2025-08-02,5,5,0.0,0.0,0.0
2025-08-02,6,1,0.0,0.0,0.0
2025-08-02,7,2,0.0,0.0,0.0
2025-08-02,8,3,0.0,0.0,0.0
2025-08-02,9,4,0.0,0.0,0.0
2025-08-03,1,1,0.0,0.0,0.0
2025-08-03,2,2,0.0,0.0,0.0
2025-08-03,3,3,0.0,0.0,0.0
2025-08-03,4,4,0.0,0.0,0.0
2025-08-03,5,5,0.0,0.0,0.0
2025-08-03,6,1,0.0,0.0,0.0
2025-08-03,7,2,0.0,0.0,0.0
2025-08-03,8,3,0.0,0.0,0.0
2025-08-03,9,4,0.0,0.0,0.0
2025-08-04,1,1,8.6,6.7,6.33
2025-08-04,2,2,8.4,8.2,7.41
2025-08-04,3,3,8.0,6.3,5.4
2025-08-04,4,4,7.6,6.5,5.63
2025-08-04,5,5,7.2,6.4,4.81
2025-08-04,6,1,8.0,6.4,5.55
2025-08-04,7,2,7.6,5.8,5.13
2025-08-04,8,3,6.0,4.8,3.94
2025-08-04,9,4,5.2,4.1,3.2
2025-08-05,1,1,4.3,4.1,3.73
2025-08-05,2,2,8.4,6.8,6.05
2025-08-05,3,3,8.0,6.0,5.09
2025-08-05,4,4,7.6,6.1,5.09
2025-08-05,5,5,7.2,5.5,4.6
2025-08-05,6,1,8.0,7.4,6.55
2025-08-05,7,2,7.6,6.6,5.47
2025-08-05,8,3,6.0,5.8,4.1
2025-08-05,9,4,5.2,4.9,3.6
2025-08-06,1,1,8.6,8.4,7.59
2025-08-06,2,2,8.4,7.1,6.57
2025-08-06,3,3,8.0,7.7,6.49
2025-08-06,4,4,7.6,6.8,5.46
2025-08-06,5,5,7.2,6.4,5.26
2025-08-06,6,1,8.0,7.8,6.99
2025-08-06,7,2,7.6,6.8,5.6
2025-08-06,8,3,6.0,5.7,4.49
2025-08-06,9,4,5.2,4.8,3.25
2025-08-07,1,1,8.6,6.9,6.41
2025-08-07,2,2,8.4,7.1,6.3
2025-08-07,3,3,8.0,7.2,6.28
2025-08-07,4,4,7.6,7.3,5.9
2025-08-07,5,5,7.2,5.6,4.23
2025-08-07,6,1,8.0,7.5,6.7
2025-08-07,7,2,7.6,6.7,5.66
2025-08-07,8,3,6.0,5.0,3.96
2025-08-07,9,4,5.2,4.9,3.74
2025-08-08,1,1,7.0,6.2,5.76
2025-08-08,2,2,6.8,5.5,5.05
2025-08-08,3,3,6.5,5.0,4.57
2025-08-08,4,4,6.2,5.7,4.9
2025-08-08,5,5,5.9,5.5,4.79
2025-08-08,6,1,6.5,5.8,5.22
2025-08-08,7,2,6.2,6.0,5.27
2025-08-08,8,3,4.9,3.9,3.08
2025-08-08,9,4,4.2,3.5,2.28
2025-08-09,1,1,0.0,0.0,0.0
2025-08-09,2,2,0.0,0.0,0.0
2025-08-09,3,3,0.0,0.0,0.0
2025-08-09,4,4,0.0,0.0,0.0
2025-08-09,5,5,0.0,0.0,0.0
2025-08-09,6,1,0.0,0.0,0.0
2025-08-09,7,2,0.0,0.0,0.0
2025-08-09,8,3,0.0,0.0,0.0
2025-08-09,9,4,0.0,0.0,0.0
2025-08-10,1,1,0.0,0.0,0.0
2025-08-10,2,2,0.0,0.0,0.0
2025-08-10,3,3,0.0,0.0,0.0
2025-08-10,4,4,0.0,0.0,0.0
2025-08-10,5,5,0.0,0.0,0.0
2025-08-10,6,1,0.0,0.0,0.0
2025-08-10,7,2,0.0,0.0,0.0
2025-08-10,8,3,0.0,0.0,0.0
2025-08-10,9,4,0.0,0.0,0.0
2025-08-11,1,1,8.6,7.6,7.06
2025-08-11,2,2,8.4,7.5,6.64
2025-08-11,3,3,8.0,6.4,5.59
2025-08-11,4,4,7.6,6.3,5.54
2025-08-11,5,5,7.2,6.3,4.82
2025-08-11,6,1,8.0,6.3,5.66
2025-08-11,7,2,7.6,6.2,5.39
2025-08-11,8,3,6.0,5.1,3.77
2025-08-11,9,4,5.2,4.0,2.88
2025-08-12,1,1,8.6,7.8,7.31
2025-08-12,2,2,8.4,6.4,5.8
2025-08-12,3,3,8.0,6.0,5.2
2025-08-12,4,4,7.6,5.9,4.9
2025-08-12,5,5,7.2,5.4,4.54
2025-08-12,6,1,8.0,6.7,6.07
2025-08-12,7,2,7.6,7.2,6.33
2025-08-12,8,3,6.0,5.7,4.02
2025-08-12,9,4,5.2,5.0,3.9
2025-08-13,1,1,8.6,7.6,7.24
2025-08-13,2,2,8.4,6.5,5.75
2025-08-13,3,3,8.0,7.5,6.65
2025-08-13,4,4,7.6,7.3,5.91
2025-08-13,5,5,7.2,5.8,4.76
2025-08-13,6,1,8.0,6.7,5.89
2025-08-13,7,2,7.6,6.3,5.24
2025-08-13,8,3,6.0,4.7,3.59
2025-08-13,9,4,5.2,4.3,3.28
2025-08-14,1,1,8.6,8.1,7.42
2025-08-14,2,2,8.4,6.7,6.16
2025-08-14,3,3,8.0,7.2,6.16
2025-08-14,4,4,7.6,6.6,5.75
2025-08-14,5,5,7.2,6.1,5.29
2025-08-14,6,1,8.0,7.2,6.45
2025-08-14,7,2,7.6,6.8,5.66
2025-08-14,8,3,6.0,5.1,3.79
2025-08-14,9,4,5.2,4.0,2.88
2025-08-15,1,1,7.0,6.0,5.42
2025-08-15,2,2,6.8,5.2,4.93
2025-08-15,3,3,6.5,5.8,5.1
2025-08-15,4,4,6.2,5.4,4.76
2025-08-15,5,5,5.9,5.0,4.23
2025-08-15,6,1,6.5,5.4,4.76
2025-08-15,7,2,6.2,4.7,3.91
2025-08-15,8,3,4.9,4.0,3.23
2025-08-15,9,4,4.2,3.3,2.29
2025-08-16,1,1,0.0,0.0,0.0
2025-08-16,2,2,0.0,0.0,0.0
2025-08-16,3,3,0.0,0.0,0.0
2025-08-16,4,4,0.0,0.0,0.0
2025-08-16,5,5,0.0,0.0,0.0
2025-08-16,6,1,0.0,0.0,0.0
2025-08-16,7,2,0.0,0.0,0.0
2025-08-16,8,3,0.0,0.0,0.0
2025-08-16,9,4,0.0,0.0,0.0
2025-08-17,1,1,0.0,0.0,0.0
2025-08-17,2,2,0.0,0.0,0.0
2025-08-17,3,3,0.0,0.0,0.0
2025-08-17,4,4,0.0,0.0,0.0
2025-08-17,5,5,0.0,0.0,0.0
2025-08-17,6,1,0.0,0.0,0.0
2025-08-17,7,2,0.0,0.0,0.0
2025-08-17,8,3,0.0,0.0,0.0
2025-08-17,9,4,0.0,0.0,0.0
2025-08-18,1,1,8.6,7.4,6.89
2025-08-18,2,2,8.4,7.0,6.32
2025-08-18,3,3,8.0,6.6,5.88
2025-08-18,4,4,7.6,6.8,5.51
2025-08-18,5,5,7.2,6.5,5.11
2025-08-18,6,1,8.0,7.2,6.65
2025-08-18,7,2,7.6,6.3,5.44
2025-08-18,8,3,6.0,5.0,4.16
2025-08-18,9,4,5.2,4.4,3.23
2025-08-19,1,1,8.6,7.1,6.57
2025-08-19,2,2,8.4,7.9,7.3
2025-08-19,3,3,8.0,7.4,6.59
2025-08-19,4,4,7.6,6.8,5.75
2025-08-19,5,5,7.2,6.0,4.63
2025-08-19,6,1,8.0,7.7,6.88
2025-08-19,7,2,7.6,5.9,4.91
2025-08-19,8,3,6.0,4.6,3.75
2025-08-19,9,4,5.2,5.0,3.25
2025-08-20,1,1,8.6,8.0,7.28
2025-08-20,2,2,8.4,6.6,6.2
2025-08-20,3,3,8.0,7.5,6.39
2025-08-20,4,4,7.6,6.4,5.57
2025-08-20,5,5,7.2,6.1,4.81
2025-08-20,6,1,8.0,6.8,6.09
2025-08-20,7,2,7.6,7.1,6.1
2025-08-20,8,3,6.0,5.0,4.17
2025-08-20,9,4,5.2,4.5,3.08
2025-08-21,1,1,8.6,7.5,7.28
2025-08-21,2,2,8.4,7.8,6.98
2025-08-21,3,3,8.0,7.2,6.53
2025-08-21,4,4,7.6,5.9,5.2
2025-08-21,5,5,7.2,5.9,4.94
2025-08-21,6,1,8.0,7.7,6.61
2025-08-21,7,2,7.6,7.4,6.16
2025-08-21,8,3,6.0,5.0,3.51
2025-08-21,9,4,5.2,4.5,3.08
2025-08-22,1,1,7.0,5.9,5.29
2025-08-22,2,2,6.8,6.4,5.96
2025-08-22,3,3,6.5,5.1,4.38
2025-08-22,4,4,6.2,5.6,4.57
2025-08-22,5,5,5.9,5.0,3.75
2025-08-22,6,1,6.5,5.3,4.82
2025-08-22,7,2,6.2,5.7,4.88
2025-08-22,8,3,4.9,4.0,2.95
2025-08-22,9,4,4.2,3.6,2.75
2025-08-23,1,1,0.0,0.0,0.0
2025-08-23,2,2,0.0,0.0,0.0
2025-08-23,3,3,0.0,0.0,0.0
2025-08-23,4,4,0.0,0.0,0.0
2025-08-23,5,5,0.0,0.0,0.0
2025-08-23,6,1,0.0,0.0,0.0
2025-08-23,7,2,0.0,0.0,0.0
2025-08-23,8,3,0.0,0.0,0.0
2025-08-23,9,4,0.0,0.0,0.0
2025-08-24,1,1,0.0,0.0,0.0
2025-08-24,2,2,0.0,0.0,0.0
2025-08-24,3,3,0.0,0.0,0.0
2025-08-24,4,4,0.0,0.0,0.0
2025-08-24,5,5,0.0,0.0,0.0
2025-08-24,6,1,0.0,0.0,0.0
2025-08-24,7,2,0.0,0.0,0.0
2025-08-24,8,3,0.0,0.0,0.0
2025-08-24,9,4,0.0,0.0,0.0
2025-08-25,1,1,8.6,6.7,6.45
2025-08-25,2,2,8.4,6.3,5.8
2025-08-25,3,3,8.0,6.3,5.48
2025-08-25,4,4,7.6,6.1,5.15
2025-08-25,5,5,7.2,5.5,4.8
2025-08-25,6,1,8.0,7.0,6.21
2025-08-25,7,2,7.6,6.7,5.68
2025-08-25,8,3,6.0,5.4,4.5
2025-08-25,9,4,5.2,3.9,3.01
2025-08-26,1,1,8.6,7.9,7.49
2025-08-26,2,2,8.4,7.7,6.97
2025-08-26,3,3,8.0,7.0,6.34
2025-08-26,4,4,7.6,7.1,5.98
2025-08-26,5,5,7.2,6.4,5.46
2025-08-26,6,1,8.0,7.4,6.59
2025-08-26,7,2,7.6,5.8,4.83
2025-08-26,8,3,6.0,5.8,4.47
2025-08-26,9,4,5.2,4.5,3.13
2025-08-27,1,1,8.6,6.9,6.35
2025-08-27,2,2,8.4,8.0,7.2
2025-08-27,3,3,8.0,6.7,6.08
2025-08-27,4,4,7.6,7.3,6.09
2025-08-27,5,5,7.2,6.2,5.04
2025-08-27,6,1,8.0,7.0,6.36
2025-08-27,7,2,7.6,5.8,5.07
2025-08-27,8,3,6.0,5.3,3.91
2025-08-27,9,4,5.2,4.7,3.26
2025-08-28,1,1,8.6,7.3,6.95
2025-08-28,2,2,8.4,6.4,6.0
2025-08-28,3,3,8.0,7.8,6.75
2025-08-28,4,4,7.6,7.4,5.94
2025-08-28,5,5,7.2,6.0,5.08
2025-08-28,6,1,8.0,7.8,6.68
2025-08-28,7,2,7.6,7.1,5.81
2025-08-28,8,3,6.0,5.6,4.19
2025-08-28,9,4,5.2,4.6,3.39
2025-08-29,1,1,7.0,6.8,6.29
2025-08-29,2,2,6.8,6.0,5.52
2025-08-29,3,3,6.5,5.8,5.03
2025-08-29,4,4,6.2,5.7,4.82
2025-08-29,5,5,5.9,5.1,4.02
2025-08-29,6,1,6.5,5.5,5.15
2025-08-29,7,2,6.2,5.9,5.1
2025-08-29,8,3,4.9,4.6,3.52
2025-08-29,9,4,4.2,3.6,2.39
2025-08-30,1,1,0.0,0.0,0.0
2025-08-30,2,2,0.0,0.0,0.0
2025-08-30,3,3,0.0,0.0,0.0
2025-08-30,4,4,0.0,0.0,0.0
2025-08-30,5,5,0.0,0.0,0.0
2025-08-30,6,1,0.0,0.0,0.0
2025-08-30,7,2,0.0,0.0,0.0
2025-08-30,8,3,0.0,0.0,0.0
2025-08-30,9,4,0.0,0.0,0.0
2025-08-31,1,1,0.0,0.0,0.0
2025-08-31,2,2,0.0,0.0,0.0
2025-08-31,3,3,0.0,0.0,0.0
2025-08-31,4,4,0.0,0.0,0.0
2025-08-31,5,5,0.0,0.0,0.0
2025-08-31,6,1,0.0,0.0,0.0
2025-08-31,7,2,0.0,0.0,0.0
2025-08-31,8,3,0.0,0.0,0.0
2025-08-31,9,4,0.0,0.0,0.0
2025-09-01,1,1,9.1,8.6,7.9
2025-09-01,2,2,8.8,6.7,6.19
2025-09-01,3,3,8.4,7.9,7.13
2025-09-01,4,4,8.0,7.2,6.29
2025-09-01,5,5,7.6,5.9,4.55
2025-09-01,6,1,8.4,7.8,6.67
2025-09-01,7,2,8.0,6.7,5.89
2025-09-01,8,3,6.3,5.6,4.0
2025-09-01,9,4,5.5,5.4,4.05
2025-09-02,1,1,9.1,8.4,8.05
2025-09-02,2,2,8.8,8.6,7.94
2025-09-02,3,3,8.4,7.6,6.61
2025-09-02,4,4,8.0,7.4,6.41
2025-09-02,5,5,7.6,7.4,5.89
2025-09-02,6,1,8.4,6.4,5.51
2025-09-02,7,2,8.0,6.3,5.32
2025-09-02,8,3,6.3,5.2,4.35
2025-09-02,9,4,5.5,5.2,3.55
2025-09-03,1,1,9.1,8.0,7.23
2025-09-03,2,2,8.8,7.7,7.04
2025-09-03,3,3,8.4,8.1,6.92
2025-09-03,4,4,8.0,7.3,6.29
2025-09-03,5,5,7.6,6.7,5.65
2025-09-03,6,1,8.4,6.4,5.76
2025-09-03,7,2,8.0,7.2,6.33
2025-09-03,8,3,6.3,5.7,4.35
2025-09-03,9,4,5.5,4.5,3.54
2025-09-04,1,1,9.1,8.5,8.04
2025-09-04,2,2,8.8,6.8,5.98
2025-09-04,3,3,8.4,7.2,6.2
2025-09-04,4,4,8.0,6.6,5.72
2025-09-04,5,5,7.6,7.2,6.21
2025-09-04,6,1,8.4,7.0,6.28
2025-09-04,7,2,8.0,6.8,5.76
2025-09-04,8,3,6.3,4.9,3.6
2025-09-04,9,4,5.5,4.9,3.35
2025-09-05,1,1,7.4,5.8,5.35
2025-09-05,2,2,7.2,5.9,5.5
2025-09-05,3,3,6.8,5.9,5.21
2025-09-05,4,4,6.5,4.9,4.38
2025-09-05,5,5,6.1,6.0,4.63
2025-09-05,6,1,6.8,5.2,4.62
2025-09-05,7,2,6.5,5.8,5.01
2025-09-05,8,3,5.1,4.8,3.68
2025-09-05,9,4,4.4,4.1,3.11
2025-09-06,1,1,0.0,0.0,0.0
2025-09-06,2,2,0.0,0.0,0.0
2025-09-06,3,3,0.0,0.0,0.0
2025-09-06,4,4,0.0,0.0,0.0
2025-09-06,5,5,0.0,0.0,0.0
2025-09-06,6,1,0.0,0.0,0.0
2025-09-06,7,2,0.0,0.0,0.0
2025-09-06,8,3,0.0,0.0,0.0
2025-09-06,9,4,0.0,0.0,0.0
2025-09-07,1,1,0.0,0.0,0.0
2025-09-07,2,2,0.0,0.0,0.0
2025-09-07,3,3,0.0,0.0,0.0
2025-09-07,4,4,0.0,0.0,0.0
2025-09-07,5,5,0.0,0.0,0.0
2025-09-07,6,1,0.0,0.0,0.0
2025-09-07,7,2,0.0,0.0,0.0
2025-09-07,8,3,0.0,0.0,0.0
2025-09-07,9,4,0.0,0.0,0.0
2025-09-08,1,1,9.1,7.6,7.18
2025-09-08,2,2,8.8,7.7,6.85
2025-09-08,3,3,8.4,7.8,6.71
2025-09-08,4,4,8.0,7.2,5.87
2025-09-08,5,5,7.6,6.4,5.37
2025-09-08,6,1,8.4,8.1,7.39
2025-09-08,7,2,8.0,6.9,5.95
2025-09-08,8,3,6.3,4.9,3.68
2025-09-08,9,4,5.5,4.7,3.46
2025-09-09,1,1,9.1,7.5,7.06
2025-09-09,2,2,8.8,8.6,8.04
2025-09-09,3,3,8.4,6.9,6.3
2025-09-09,4,4,8.0,7.3,6.05
2025-09-09,5,5,7.6,6.3,5.24
2025-09-09,6,1,8.4,7.4,6.79
2025-09-09,7,2,8.0,7.2,5.96
2025-09-09,8,3,6.3,6.1,4.96
2025-09-09,9,4,5.5,4.8,3.65
2025-09-10,1,1,9.1,7.2,6.76
2025-09-10,2,2,8.8,8.3,7.41
2025-09-10,3,3,8.4,6.4,5.83
2025-09-10,4,4,8.0,6.0,5.0
2025-09-10,5,5,7.6,6.9,5.49
2025-09-10,6,1,8.4,8.1,7.43
2025-09-10,7,2,8.0,6.1,5.07
2025-09-10,8,3,6.3,5.2,4.12
2025-09-10,9,4,5.5,4.5,3.03
2025-09-11,1,1,9.1,7.5,6.95
2025-09-11,2,2,8.8,8.1,7.47
2025-09-11,3,3,8.4,7.5,6.4
2025-09-11,4,4,8.0,7.0,5.77
2025-09-11,5,5,7.6,6.2,4.86
2025-09-11,6,1,8.4,7.7,6.71
2025-09-11,7,2,8.0,7.7,6.8
2025-09-11,8,3,6.3,4.9,3.9
2025-09-11,9,4,5.5,5.3,4.12
2025-09-12,1,1,7.4,6.9,6.34
2025-09-12,2,2,7.2,6.6,5.92
2025-09-12,3,3,6.8,5.5,4.85
2025-09-12,4,4,6.5,5.7,5.06
2025-09-12,5,5,6.1,4.8,3.96
2025-09-12,6,1,6.8,5.5,4.97
2025-09-12,7,2,6.5,5.8,4.79
2025-09-12,8,3,5.1,4.7,3.34
2025-09-12,9,4,4.4,3.3,2.44
2025-09-13,1,1,0.0,0.0,0.0
2025-09-13,2,2,0.0,0.0,0.0
2025-09-13,3,3,0.0,0.0,0.0
2025-09-13,4,4,0.0,0.0,0.0
2025-09-13,5,5,0.0,0.0,0.0
2025-09-13,6,1,0.0,0.0,0.0
2025-09-13,7,2,0.0,0.0,0.0
2025-09-13,8,3,0.0,0.0,0.0
2025-09-13,9,4,0.0,0.0,0.0
2025-09-14,1,1,0.0,0.0,0.0
2025-09-14,2,2,0.0,0.0,0.0
2025-09-14,3,3,0.0,0.0,0.0
2025-09-14,4,4,0.0,0.0,0.0
2025-09-14,5,5,0.0,0.0,0.0
2025-09-14,6,1,0.0,0.0,0.0
2025-09-14,7,2,0.0,0.0,0.0
2025-09-14,8,3,0.0,0.0,0.0
2025-09-14,9,4,0.0,0.0,0.0
2025-09-15,1,1,9.1,7.7,7.39
2025-09-15,2,2,8.8,7.6,6.78
2025-09-15,3,3,8.4,6.9,6.17
2025-09-15,4,4,8.0,6.1,5.27
2025-09-15,5,5,7.6,6.9,5.97
2025-09-15,6,1,8.4,6.6,6.11
2025-09-15,7,2,8.0,7.7,6.9
2025-09-15,8,3,6.3,5.4,4.52
2025-09-15,9,4,5.5,5.3,4.11
2025-09-16,1,1,4.5,4.0,3.63
2025-09-16,2,2,8.8,7.2,6.83
2025-09-16,3,3,8.4,7.3,6.64
2025-09-16,4,4,8.0,6.8,5.61
2025-09-16,5,5,7.6,6.0,4.79
2025-09-16,6,1,8.4,6.7,6.05
2025-09-16,7,2,8.0,7.0,6.19
2025-09-16,8,3,6.3,6.0,4.93
2025-09-16,9,4,5.5,4.7,3.14
2025-09-17,1,1,9.1,7.2,6.54
2025-09-17,2,2,8.8,7.1,6.39
2025-09-17,3,3,8.4,7.8,7.11
2025-09-17,4,4,8.0,7.3,5.86
2025-09-17,5,5,7.6,6.9,5.21
2025-09-17,6,1,8.4,6.9,6.08
2025-09-17,7,2,8.0,7.6,6.68
2025-09-17,8,3,6.3,4.9,4.05
2025-09-17,9,4,5.5,4.9,3.32
2025-09-18,1,1,9.1,7.1,6.78
2025-09-18,2,2,8.8,7.5,6.85
2025-09-18,3,3,8.4,7.3,6.55
2025-09-18,4,4,8.0,6.4,5.64
2025-09-18,5,5,7.6,5.8,4.67
2025-09-18,6,1,8.4,6.5,5.77
2025-09-18,7,2,8.0,7.0,6.01
2025-09-18,8,3,6.3,4.9,3.69
2025-09-18,9,4,5.5,4.2,2.89
2025-09-19,1,1,7.4,5.7,5.32
2025-09-19,2,2,7.2,6.1,5.61
2025-09-19,3,3,6.8,5.2,4.57
2025-09-19,4,4,6.5,5.9,4.99
2025-09-19,5,5,6.1,5.7,4.64
2025-09-19,6,1,6.8,5.7,4.84
2025-09-19,7,2,6.5,6.3,5.16
2025-09-19,8,3,5.1,3.9,2.94
2025-09-19,9,4,4.4,4.1,3.27
2025-09-20,1,1,0.0,0.0,0.0
2025-09-20,2,2,0.0,0.0,0.0
2025-09-20,3,3,0.0,0.0,0.0
2025-09-20,4,4,0.0,0.0,0.0
2025-09-20,5,5,0.0,0.0,0.0
2025-09-20,6,1,0.0,0.0,0.0
2025-09-20,7,2,0.0,0.0,0.0
2025-09-20,8,3,0.0,0.0,0.0
2025-09-20,9,4,0.0,0.0,0.0
2025-09-21,1,1,0.0,0.0,0.0
2025-09-21,2,2,0.0,0.0,0.0
2025-09-21,3,3,0.0,0.0,0.0
2025-09-21,4,4,0.0,0.0,0.0
2025-09-21,5,5,0.0,0.0,0.0
2025-09-21,6,1,0.0,0.0,0.0
2025-09-21,7,2,0.0,0.0,0.0
2025-09-21,8,3,0.0,0.0,0.0
2025-09-21,9,4,0.0,0.0,0.0
2025-09-22,1,1,9.1,7.7,7.45
2025-09-22,2,2,8.8,8.4,7.91
2025-09-22,3,3,8.4,7.6,6.8
2025-09-22,4,4,8.0,7.2,6.0
2025-09-22,5,5,7.6,6.6,5.37
2025-09-22,6,1,8.4,6.7,5.72
2025-09-22,7,2,8.0,6.5,5.71
2025-09-22,8,3,6.3,5.5,4.48
2025-09-22,9,4,5.5,4.5,3.13
2025-09-23,1,1,9.1,8.3,7.55
2025-09-23,2,2,8.8,7.5,6.97
2025-09-23,3,3,8.4,6.3,5.42
2025-09-23,4,4,8.0,6.0,5.2
2025-09-23,5,5,7.6,5.8,4.83
2025-09-23,6,1,8.4,6.8,5.86
2025-09-23,7,2,8.0,6.1,5.24
2025-09-23,8,3,6.3,5.9,4.74
2025-09-23,9,4,5.5,4.8,3.64
2025-09-24,1,1,9.1,7.4,6.76
2025-09-24,2,2,8.8,7.1,6.36
2025-09-24,3,3,8.4,8.1,7.4
2025-09-24,4,4,8.0,7.1,6.01
2025-09-24,5,5,7.6,7.4,6.35
2025-09-24,6,1,8.4,7.8,6.84
2025-09-24,7,2,8.0,6.3,5.32
2025-09-24,8,3,6.3,5.4,4.43
2025-09-24,9,4,5.5,5.0,3.84
2025-09-25,1,1,9.1,8.0,7.72
2025-09-25,2,2,8.8,6.9,6.18
2025-09-25,3,3,8.4,7.5,6.9
2025-09-25,4,4,8.0,6.2,5.37
2025-09-25,5,5,7.6,6.1,5.1
2025-09-25,6,1,8.4,8.0,6.91
2025-09-25,7,2,8.0,7.3,6.32
2025-09-25,8,3,6.3,6.0,4.47
2025-09-25,9,4,5.5,4.1,3.25
2025-09-26,1,1,7.4,5.7,5.56
2025-09-26,2,2,7.2,5.8,5.33
2025-09-26,3,3,6.8,6.6,5.8
2025-09-26,4,4,6.5,5.4,4.63
2025-09-26,5,5,6.1,5.0,4.04
2025-09-26,6,1,6.8,5.3,4.9
2025-09-26,7,2,6.5,6.1,5.46
2025-09-26,8,3,5.1,4.3,3.37
2025-09-26,9,4,4.4,3.5,2.4
2025-09-27,1,1,0.0,0.0,0.0
2025-09-27,2,2,0.0,0.0,0.0
2025-09-27,3,3,0.0,0.0,0.0
2025-09-27,4,4,0.0,0.0,0.0
2025-09-27,5,5,0.0,0.0,0.0
2025-09-27,6,1,0.0,0.0,0.0
2025-09-27,7,2,0.0,0.0,0.0
2025-09-27,8,3,0.0,0.0,0.0
2025-09-27,9,4,0.0,0.0,0.0
2025-09-28,1,1,0.0,0.0,0.0
2025-09-28,2,2,0.0,0.0,0.0
2025-09-28,3,3,0.0,0.0,0.0
2025-09-28,4,4,0.0,0.0,0.0
2025-09-28,5,5,0.0,0.0,0.0
2025-09-28,6,1,0.0,0.0,0.0
2025-09-28,7,2,0.0,0.0,0.0
2025-09-28,8,3,0.0,0.0,0.0
2025-09-28,9,4,0.0,0.0,0.0
2025-09-29,1,1,9.1,8.0,7.45
2025-09-29,2,2,8.8,7.3,6.6
2025-09-29,3,3,8.4,7.3,6.48
2025-09-29,4,4,8.0,6.5,5.7
2025-09-29,5,5,7.6,6.8,5.49
2025-09-29,6,1,8.4,7.8,6.77
2025-09-29,7,2,8.0,6.9,6.15
2025-09-29,8,3,6.3,5.7,4.0
2025-09-29,9,4,5.5,5.2,4.08
2025-09-30,1,1,9.1,8.4,7.8
2025-09-30,2,2,8.8,7.1,6.59
2025-09-30,3,3,4.2,3.6,3.17
2025-09-30,4,4,8.0,7.2,6.21
2025-09-30,5,5,7.6,6.5,4.89
2025-09-30,6,1,8.4,6.3,5.64
2025-09-30,7,2,8.0,7.8,6.39
2025-09-30,8,3,6.3,5.7,4.63
2025-09-30,9,4,5.5,4.2,2.81
2025-10-01,1,1,9.1,7.2,6.75
2025-10-01,2,2,8.8,7.2,6.5
2025-10-01,3,3,8.4,7.1,6.27
2025-10-01,4,4,8.0,6.4,5.56
2025-10-01,5,5,7.6,6.8,5.81
2025-10-01,6,1,8.4,6.5,5.71
2025-10-01,7,2,8.0,6.1,5.0
2025-10-01,8,3,6.3,5.4,4.15
2025-10-01,9,4,5.5,4.8,3.74
2025-10-02,1,1,9.1,7.9,7.14
2025-10-02,2,2,8.8,8.4,7.89
2025-10-02,3,3,8.4,6.4,5.41
2025-10-02,4,4,8.0,7.6,6.54
2025-10-02,5,5,7.6,7.3,5.74
2025-10-02,6,1,8.4,7.4,6.77
2025-10-02,7,2,8.0,6.7,5.55
2025-10-02,8,3,6.3,5.1,4.14
2025-10-02,9,4,5.5,5.2,3.65
2025-10-03,1,1,7.4,5.8,5.59
2025-10-03,2,2,7.2,6.2,5.88
2025-10-03,3,3,6.8,5.8,5.27
2025-10-03,4,4,6.5,6.0,5.38
2025-10-03,5,5,6.1,5.7,4.3
2025-10-03,6,1,6.8,6.7,5.94
2025-10-03,7,2,6.5,6.3,5.35
2025-10-03,8,3,5.1,4.6,3.29
2025-10-03,9,4,4.4,4.1,3.13
2025-10-04,1,1,0.0,0.0,0.0
2025-10-04,2,2,0.0,0.0,0.0
2025-10-04,3,3,0.0,0.0,0.0
2025-10-04,4,4,0.0,0.0,0.0
2025-10-04,5,5,0.0,0.0,0.0
2025-10-04,6,1,0.0,0.0,0.0
2025-10-04,7,2,0.0,0.0,0.0
2025-10-04,8,3,0.0,0.0,0.0
2025-10-04,9,4,0.0,0.0,0.0
2025-10-05,1,1,0.0,0.0,0.0
2025-10-05,2,2,0.0,0.0,0.0
2025-10-05,3,3,0.0,0.0,0.0
2025-10-05,4,4,0.0,0.0,0.0
2025-10-05,5,5,0.0,0.0,0.0
2025-10-05,6,1,0.0,0.0,0.0
2025-10-05,7,2,0.0,0.0,0.0
2025-10-05,8,3,0.0,0.0,0.0
2025-10-05,9,4,0.0,0.0,0.0
2025-10-06,1,1,9.1,7.1,6.77
2025-10-06,2,2,8.8,8.1,7.32
2025-10-06,3,3,8.4,6.3,5.46
2025-10-06,4,4,8.0,6.5,5.27
2025-10-06,5,5,7.6,6.5,5.27
2025-10-06,6,1,8.4,6.4,5.58
2025-10-06,7,2,8.0,7.1,5.99
2025-10-06,8,3,6.3,5.1,3.88
2025-10-06,9,4,5.5,5.2,4.11
2025-10-07,1,1,9.1,8.0,7.29
2025-10-07,2,2,8.8,6.9,6.21
2025-10-07,3,3,8.4,6.4,5.62
2025-10-07,4,4,8.0,6.9,5.55
2025-10-07,5,5,7.6,6.1,5.03
2025-10-07,6,1,8.4,6.7,5.73
2025-10-07,7,2,8.0,7.7,6.54
2025-10-07,8,3,6.3,5.9,4.39
2025-10-07,9,4,5.5,5.1,3.99
2025-10-08,1,1,9.1,7.1,6.54
2025-10-08,2,2,8.8,7.0,6.33
2025-10-08,3,3,8.4,8.2,7.05
2025-10-08,4,4,8.0,6.9,5.91
2025-10-08,5,5,7.6,6.3,5.36
2025-10-08,6,1,8.4,6.5,5.84
2025-10-08,7,2,8.0,7.0,6.11
2025-10-08,8,3,6.3,6.1,4.67
2025-10-08,9,4,5.5,4.6,3.22
2025-10-09,1,1,9.1,8.5,8.14
2025-10-09,2,2,8.8,7.6,7.05
2025-10-09,3,3,8.4,7.6,6.79
2025-10-09,4,4,8.0,6.1,5.5
2025-10-09,5,5,7.6,6.4,5.16
2025-10-09,6,1,8.4,7.6,6.82
2025-10-09,7,2,8.0,6.6,5.92
2025-10-09,8,3,6.3,5.6,4.02
2025-10-09,9,4,5.5,4.9,3.46
2025-10-10,1,1,7.4,5.6,5.43
2025-10-10,2,2,7.2,6.0,5.63
2025-10-10,3,3,6.8,5.8,4.87
2025-10-10,4,4,6.5,5.6,4.79
2025-10-10,5,5,6.1,5.4,4.35
2025-10-10,6,1,6.8,6.3,5.68
2025-10-10,7,2,6.5,5.4,4.42
2025-10-10,8,3,5.1,4.3,3.61
2025-10-10,9,4,4.4,4.3,2.88
2025-10-11,1,1,0.0,0.0,0.0
2025-10-11,2,2,0.0,0.0,0.0
2025-10-11,3,3,0.0,0.0,0.0
2025-10-11,4,4,0.0,0.0,0.0
2025-10-11,5,5,0.0,0.0,0.0
2025-10-11,6,1,0.0,0.0,0.0
2025-10-11,7,2,0.0,0.0,0.0
2025-10-11,8,3,0.0,0.0,0.0
2025-10-11,9,4,0.0,0.0,0.0
2025-10-12,1,1,0.0,0.0,0.0
2025-10-12,2,2,0.0,0.0,0.0
2025-10-12,3,3,0.0,0.0,0.0
2025-10-12,4,4,0.0,0.0,0.0
2025-10-12,5,5,0.0,0.0,0.0
2025-10-12,6,1,0.0,0.0,0.0
2025-10-12,7,2,0.0,0.0,0.0
2025-10-12,8,3,0.0,0.0,0.0
2025-10-12,9,4,0.0,0.0,0.0
2025-10-13,1,1,9.1,7.8,7.09
2025-10-13,2,2,8.8,7.6,6.9
2025-10-13,3,3,8.4,6.9,5.98
2025-10-13,4,4,8.0,6.2,5.48
2025-10-13,5,5,7.6,6.8,5.27
2025-10-13,6,1,8.4,6.8,5.85
2025-10-13,7,2,8.0,7.0,6.29
2025-10-13,8,3,6.3,5.3,3.86
2025-10-13,9,4,5.5,4.6,3.03
2025-10-14,1,1,9.1,7.2,6.79
2025-10-14,2,2,8.8,8.0,7.2
2025-10-14,3,3,8.4,7.9,6.64
2025-10-14,4,4,8.0,7.6,6.21
2025-10-14,5,5,7.6,6.5,5.05
2025-10-14,6,1,8.4,7.3,6.6
2025-10-14,7,2,8.0,7.1,6.16
2025-10-14,8,3,6.3,6.0,4.68
2025-10-14,9,4,5.5,5.0,3.46
2025-10-15,1,1,9.1,7.0,6.35
2025-10-15,2,2,8.8,7.2,6.46
2025-10-15,3,3,8.4,7.3,6.36
2025-10-15,4,4,8.0,6.7,5.48
2025-10-15,5,5,7.6,6.9,5.69
2025-10-15,6,1,8.4,7.4,6.56
2025-10-15,7,2,8.0,6.6,5.62
2025-10-15,8,3,6.3,5.2,3.68
2025-10-15,9,4,5.5,5.1,4.07
2025-10-16,1,1,9.1,7.8,7.43
2025-10-16,2,2,8.8,8.3,7.61
2025-10-16,3,3,8.4,6.4,5.73
2025-10-16,4,4,8.0,6.5,5.54
2025-10-16,5,5,7.6,6.5,5.42
2025-10-16,6,1,8.4,7.4,6.32
2025-10-16,7,2,8.0,7.4,6.56
2025-10-16,8,3,6.3,5.9,4.18
2025-10-16,9,4,5.5,4.8,3.82
2025-10-17,1,1,7.4,6.9,6.61
2025-10-17,2,2,7.2,7.0,6.4
2025-10-17,3,3,6.8,6.4,5.6
2025-10-17,4,4,6.5,6.0,4.96
2025-10-17,5,5,6.1,5.4,4.31
2025-10-17,6,1,6.8,6.1,5.28
2025-10-17,7,2,6.5,5.2,4.33
2025-10-17,8,3,5.1,4.3,3.14
2025-10-17,9,4,4.4,3.7,2.76
2025-10-18,1,1,0.0,0.0,0.0
2025-10-18,2,2,0.0,0.0,0.0
2025-10-18,3,3,0.0,0.0,0.0
2025-10-18,4,4,0.0,0.0,0.0
2025-10-18,5,5,0.0,0.0,0.0
2025-10-18,6,1,0.0,0.0,0.0
2025-10-18,7,2,0.0,0.0,0.0
2025-10-18,8,3,0.0,0.0,0.0
2025-10-18,9,4,0.0,0.0,0.0
2025-10-19,1,1,0.0,0.0,0.0
2025-10-19,2,2,0.0,0.0,0.0
2025-10-19,3,3,0.0,0.0,0.0
2025-10-19,4,4,0.0,0.0,0.0
2025-10-19,5,5,0.0,0.0,0.0
2025-10-19,6,1,0.0,0.0,0.0
2025-10-19,7,2,0.0,0.0,0.0
2025-10-19,8,3,0.0,0.0,0.0
2025-10-19,9,4,0.0,0.0,0.0
2025-10-20,1,1,9.1,7.4,7.07
2025-10-20,2,2,8.8,8.0,7.09
2025-10-20,3,3,8.4,7.8,7.14
2025-10-20,4,4,8.0,7.6,6.16
2025-10-20,5,5,7.6,6.1,5.1
2025-10-20,6,1,8.4,7.8,7.03
2025-10-20,7,2,8.0,7.0,5.93
2025-10-20,8,3,6.3,5.4,4.24
2025-10-20,9,4,5.5,4.2,3.06
2025-10-21,1,1,9.1,8.8,8.11
2025-10-21,2,2,8.8,7.3,6.41
2025-10-21,3,3,8.4,7.7,6.93
2025-10-21,4,4,8.0,7.2,6.02
2025-10-21,5,5,7.6,6.6,5.12
2025-10-21,6,1,8.4,6.7,5.85
2025-10-21,7,2,8.0,6.6,5.72
2025-10-21,8,3,6.3,5.4,4.06
2025-10-21,9,4,5.5,4.2,2.76
2025-10-22,1,1,9.1,7.8,7.05
2025-10-22,2,2,8.8,7.5,6.61
2025-10-22,3,3,8.4,6.7,5.99
2025-10-22,4,4,8.0,7.2,5.86
2025-10-22,5,5,7.6,6.1,5.09
2025-10-22,6,1,8.4,7.0,6.47
2025-10-22,7,2,8.0,6.7,5.67
2025-10-22,8,3,6.3,5.1,4.01
2025-10-22,9,4,5.5,4.1,2.96
2025-10-23,1,1,9.1,7.3,6.89
2025-10-23,2,2,4.4,4.0,3.76
2025-10-23,3,3,8.4,7.1,6.05
2025-10-23,4,4,8.0,6.7,5.84
2025-10-23,5,5,7.6,6.2,5.32
2025-10-23,6,1,8.4,7.8,7.09
2025-10-23,7,2,8.0,7.8,6.49
2025-10-23,8,3,6.3,4.7,3.75
2025-10-23,9,4,5.5,5.0,3.72
2025-10-24,1,1,7.4,6.2,5.9
2025-10-24,2,2,7.2,5.5,4.89
2025-10-24,3,3,6.8,6.0,5.26
2025-10-24,4,4,6.5,5.3,4.34
2025-10-24,5,5,6.1,4.7,3.86
2025-10-24,6,1,6.8,6.1,5.54
2025-10-24,7,2,6.5,6.1,5.35
2025-10-24,8,3,5.1,4.4,3.43
2025-10-24,9,4,4.4,3.6,2.39
2025-10-25,1,1,0.0,0.0,0.0
2025-10-25,2,2,0.0,0.0,0.0
2025-10-25,3,3,0.0,0.0,0.0
2025-10-25,4,4,0.0,0.0,0.0
2025-10-25,5,5,0.0,0.0,0.0
2025-10-25,6,1,0.0,0.0,0.0
2025-10-25,7,2,0.0,0.0,0.0
2025-10-25,8,3,0.0,0.0,0.0
2025-10-25,9,4,0.0,0.0,0.0
2025-10-26,1,1,0.0,0.0,0.0
2025-10-26,2,2,0.0,0.0,0.0
2025-10-26,3,3,0.0,0.0,0.0
2025-10-26,4,4,0.0,0.0,0.0
2025-10-26,5,5,0.0,0.0,0.0
2025-10-26,6,1,0.0,0.0,0.0
2025-10-26,7,2,0.0,0.0,0.0
2025-10-26,8,3,0.0,0.0,0.0
2025-10-26,9,4,0.0,0.0,0.0
2025-10-27,1,1,9.1,8.8,8.22
2025-10-27,2,2,8.8,7.6,7.03
2025-10-27,3,3,8.4,8.2,7.53
2025-10-27,4,4,8.0,6.2,5.52
2025-10-27,5,5,7.6,6.3,5.25
2025-10-27,6,1,8.4,8.1,7.42
2025-10-27,7,2,8.0,6.1,5.14
2025-10-27,8,3,6.3,4.8,3.9
2025-10-27,9,4,5.5,4.9,3.54
2025-10-28,1,1,9.1,8.3,7.49
2025-10-28,2,2,8.8,7.9,7.07
2025-10-28,3,3,8.4,7.3,6.24
2025-10-28,4,4,8.0,7.0,5.85
2025-10-28,5,5,7.6,7.1,5.92
2025-10-28,6,1,8.4,7.6,6.95
2025-10-28,7,2,8.0,6.1,5.04
2025-10-28,8,3,6.3,5.4,4.23
2025-10-28,9,4,5.5,5.0,3.83
2025-10-29,1,1,9.1,8.3,7.86
2025-10-29,2,2,8.8,8.5,7.84
2025-10-29,3,3,8.4,7.7,6.56
2025-10-29,4,4,8.0,7.4,6.13
2025-10-29,5,5,7.6,7.0,5.28
2025-10-29,6,1,8.4,6.8,5.84
2025-10-29,7,2,8.0,7.0,5.82
2025-10-29,8,3,6.3,5.2,4.04
2025-10-29,9,4,5.5,4.6,3.14
2025-10-30,1,1,9.1,8.0,7.61
2025-10-30,2,2,8.8,7.6,6.75
2025-10-30,3,3,8.4,6.8,5.94
2025-10-30,4,4,8.0,6.3,5.59
2025-10-30,5,5,7.6,6.6,5.7
2025-10-30,6,1,8.4,7.1,6.23
2025-10-30,7,2,8.0,7.3,6.15
2025-10-30,8,3,6.3,5.3,4.06
2025-10-30,9,4,5.5,4.3,3.33
2025-10-31,1,1,7.4,7.1,6.47
2025-10-31,2,2,7.2,5.8,5.48
2025-10-31,3,3,6.8,6.0,5.03
2025-10-31,4,4,6.5,5.7,4.74
2025-10-31,5,5,6.1,5.3,4.32
2025-10-31,6,1,6.8,6.3,5.48
2025-10-31,7,2,6.5,6.0,5.04
2025-10-31,8,3,2.6,2.2,1.58
2025-10-31,9,4,4.4,4.2,3.27
2025-11-01,1,1,0.0,0.0,0.0
2025-11-01,2,2,0.0,0.0,0.0
2025-11-01,3,3,0.0,0.0,0.0
2025-11-01,4,4,0.0,0.0,0.0
2025-11-01,5,5,0.0,0.0,0.0
2025-11-01,6,1,0.0,0.0,0.0
2025-11-01,7,2,0.0,0.0,0.0
2025-11-01,8,3,0.0,0.0,0.0
2025-11-01,9,4,0.0,0.0,0.0
2025-11-02,1,1,0.0,0.0,0.0
2025-11-02,2,2,0.0,0.0,0.0
2025-11-02,3,3,0.0,0.0,0.0
2025-11-02,4,4,0.0,0.0,0.0
2025-11-02,5,5,0.0,0.0,0.0
2025-11-02,6,1,0.0,0.0,0.0
2025-11-02,7,2,0.0,0.0,0.0
2025-11-02,8,3,0.0,0.0,0.0
2025-11-02,9,4,0.0,0.0,0.0
2025-11-03,1,1,8.6,6.5,6.13
2025-11-03,2,2,8.4,7.7,6.84
2025-11-03,3,3,8.0,6.4,5.66
2025-11-03,4,4,7.6,7.4,6.48
2025-11-03,5,5,7.2,6.9,5.94
2025-11-03,6,1,8.0,7.3,6.41
2025-11-03,7,2,7.6,5.8,4.84
2025-11-03,8,3,6.0,5.6,4.0
2025-11-03,9,4,5.2,4.4,3.51
2025-11-04,1,1,8.6,7.0,6.45
2025-11-04,2,2,8.4,7.7,7.13
2025-11-04,3,3,8.0,6.5,5.5
2025-11-04,4,4,7.6,7.1,6.06
2025-11-04,5,5,7.2,5.7,4.57
2025-11-04,6,1,8.0,7.0,6.48
2025-11-04,7,2,7.6,6.2,5.25
2025-11-04,8,3,6.0,4.7,3.76
2025-11-04,9,4,5.2,4.7,3.11
2025-11-05,1,1,8.6,7.1,6.46
2025-11-05,2,2,8.4,7.0,6.4
2025-11-05,3,3,8.0,6.5,5.96
2025-11-05,4,4,7.6,6.4,5.42
2025-11-05,5,5,7.2,5.8,4.68
2025-11-05,6,1,8.0,6.3,5.32
2025-11-05,7,2,7.6,7.4,6.16
2025-11-05,8,3,6.0,5.0,3.95
2025-11-05,9,4,5.2,4.6,3.17
2025-11-06,1,1,8.6,6.5,5.9
2025-11-06,2,2,8.4,7.2,6.36
2025-11-06,3,3,8.0,7.5,6.52
2025-11-06,4,4,7.6,6.5,5.31
2025-11-06,5,5,7.2,6.8,5.39
2025-11-06,6,1,8.0,7.3,6.27
2025-11-06,7,2,7.6,6.0,5.08
2025-11-06,8,3,6.0,4.5,3.58
2025-11-06,9,4,5.2,4.3,3.03
2025-11-07,1,1,7.0,5.4,4.93
2025-11-07,2,2,6.8,5.4,5.12
2025-11-07,3,3,6.5,5.8,5.26
2025-11-07,4,4,6.2,6.0,5.3
2025-11-07,5,5,5.9,5.1,4.14
2025-11-07,6,1,6.5,5.6,4.96
2025-11-07,7,2,6.2,5.1,4.26
2025-11-07,8,3,4.9,4.5,3.21
2025-11-07,9,4,4.2,3.7,2.82
2025-11-08,1,1,0.0,0.0,0.0
2025-11-08,2,2,0.0,0.0,0.0
2025-11-08,3,3,0.0,0.0,0.0
2025-11-08,4,4,0.0,0.0,0.0
2025-11-08,5,5,0.0,0.0,0.0
2025-11-08,6,1,0.0,0.0,0.0
2025-11-08,7,2,0.0,0.0,0.0
2025-11-08,8,3,0.0,0.0,0.0
2025-11-08,9,4,0.0,0.0,0.0
2025-11-09,1,1,0.0,0.0,0.0
2025-11-09,2,2,0.0,0.0,0.0
2025-11-09,3,3,0.0,0.0,0.0
2025-11-09,4,4,0.0,0.0,0.0
2025-11-09,5,5,0.0,0.0,0.0
2025-11-09,6,1,0.0,0.0,0.0
2025-11-09,7,2,0.0,0.0,0.0
2025-11-09,8,3,0.0,0.0,0.0
2025-11-09,9,4,0.0,0.0,0.0
2025-11-10,1,1,8.6,8.4,7.63
2025-11-10,2,2,8.4,6.8,6.39
2025-11-10,3,3,8.0,6.1,5.61
2025-11-10,4,4,7.6,7.2,6.32
2025-11-10,5,5,7.2,6.8,5.78
2025-11-10,6,1,8.0,7.1,6.48
2025-11-10,7,2,7.6,7.3,6.0
2025-11-10,8,3,6.0,5.8,4.52
2025-11-10,9,4,5.2,4.1,3.29
2025-11-11,1,1,8.6,7.5,6.87
2025-11-11,2,2,8.4,6.5,5.8
2025-11-11,3,3,8.0,7.0,5.85
2025-11-11,4,4,7.6,6.1,4.92
2025-11-11,5,5,7.2,6.9,5.89
2025-11-11,6,1,8.0,6.0,5.42
2025-11-11,7,2,7.6,7.1,6.26
2025-11-11,8,3,6.0,5.8,4.38
2025-11-11,9,4,5.2,4.4,2.91
2025-11-12,1,1,8.6,6.8,6.15
2025-11-12,2,2,8.4,7.8,7.42
2025-11-12,3,3,8.0,6.3,5.8
2025-11-12,4,4,7.6,7.3,6.44
2025-11-12,5,5,7.2,6.4,4.92
2025-11-12,6,1,8.0,7.3,6.25
2025-11-12,7,2,7.6,7.4,6.59
2025-11-12,8,3,6.0,5.9,4.9
2025-11-12,9,4,5.2,4.6,3.64
2025-11-13,1,1,8.6,6.9,6.5
2025-11-13,2,2,8.4,6.6,6.13
2025-11-13,3,3,8.0,7.8,6.66
2025-11-13,4,4,7.6,5.9,5.1
2025-11-13,5,5,7.2,6.9,5.52
2025-11-13,6,1,8.0,6.5,5.53
2025-11-13,7,2,7.6,5.9,4.83
2025-11-13,8,3,6.0,5.5,4.61
2025-11-13,9,4,5.2,4.5,3.17
2025-11-14,1,1,7.0,5.4,5.07
2025-11-14,2,2,6.8,6.1,5.7
2025-11-14,3,3,6.5,5.0,4.52
2025-11-14,4,4,6.2,5.1,4.55
2025-11-14,5,5,5.9,4.6,3.67
2025-11-14,6,1,6.5,5.7,5.25
2025-11-14,7,2,6.2,5.5,4.76
2025-11-14,8,3,4.9,3.7,3.07
2025-11-14,9,4,4.2,4.0,2.72
2025-11-15,1,1,0.0,0.0,0.0
2025-11-15,2,2,0.0,0.0,0.0
2025-11-15,3,3,0.0,0.0,0.0
2025-11-15,4,4,0.0,0.0,0.0
2025-11-15,5,5,0.0,0.0,0.0
2025-11-15,6,1,0.0,0.0,0.0
2025-11-15,7,2,0.0,0.0,0.0
2025-11-15,8,3,0.0,0.0,0.0
2025-11-15,9,4,0.0,0.0,0.0
2025-11-16,1,1,0.0,0.0,0.0
2025-11-16,2,2,0.0,0.0,0.0
2025-11-16,3,3,0.0,0.0,0.0
2025-11-16,4,4,0.0,0.0,0.0
2025-11-16,5,5,0.0,0.0,0.0
2025-11-16,6,1,0.0,0.0,0.0
2025-11-16,7,2,0.0,0.0,0.0
2025-11-16,8,3,0.0,0.0,0.0
2025-11-16,9,4,0.0,0.0,0.0
2025-11-17,1,1,8.6,6.9,6.29
2025-11-17,2,2,8.4,7.7,7.16
2025-11-17,3,3,8.0,6.5,5.6
2025-11-17,4,4,7.6,6.7,5.92
2025-11-17,5,5,7.2,6.0,4.81
2025-11-17,6,1,8.0,7.2,6.48
2025-11-17,7,2,7.6,5.7,4.79
2025-11-17,8,3,6.0,4.6,3.77
2025-11-17,9,4,5.2,4.4,3.16
2025-11-18,1,1,8.6,6.7,6.25
2025-11-18,2,2,8.4,8.0,7.26
2025-11-18,3,3,8.0,6.5,5.69
2025-11-18,4,4,7.6,6.2,4.97
2025-11-18,5,5,7.2,6.5,4.95
2025-11-18,6,1,8.0,7.0,6.49
2025-11-18,7,2,7.6,6.7,5.92
2025-11-18,8,3,6.0,5.1,3.94
2025-11-18,9,4,5.2,4.5,3.49
2025-11-19,1,1,8.6,6.6,6.39
2025-11-19,2,2,8.4,7.3,6.86
2025-11-19,3,3,8.0,7.2,6.45
2025-11-19,4,4,7.6,7.0,5.74
2025-11-19,5,5,7.2,7.0,5.94
2025-11-19,6,1,8.0,6.8,6.3
2025-11-19,7,2,7.6,7.4,6.48
2025-11-19,8,3,6.0,4.9,4.02
2025-11-19,9,4,5.2,4.0,2.82
2025-11-20,1,1,8.6,7.1,6.55
2025-11-20,2,2,8.4,8.0,7.47
2025-11-20,3,3,8.0,7.0,6.08
2025-11-20,4,4,7.6,6.0,5.12
2025-11-20,5,5,7.2,7.0,5.99
2025-11-20,6,1,8.0,6.2,5.4
2025-11-20,7,2,7.6,6.3,5.37
2025-11-20,8,3,6.0,5.2,4.06
2025-11-20,9,4,5.2,4.2,2.84
2025-11-21,1,1,7.0,6.4,5.76
2025-11-21,2,2,6.8,5.6,5.06
2025-11-21,3,3,6.5,6.3,5.7
2025-11-21,4,4,6.2,5.8,4.81
2025-11-21,5,5,5.9,5.0,4.21
2025-11-21,6,1,6.5,6.2,5.31
2025-11-21,7,2,6.2,5.3,4.66
2025-11-21,8,3,4.9,4.1,3.26
2025-11-21,9,4,4.2,3.4,2.61
2025-11-22,1,1,0.0,0.0,0.0
2025-11-22,2,2,0.0,0.0,0.0
2025-11-22,3,3,0.0,0.0,0.0
2025-11-22,4,4,0.0,0.0,0.0
2025-11-22,5,5,0.0,0.0,0.0
2025-11-22,6,1,0.0,0.0,0.0
2025-11-22,7,2,0.0,0.0,0.0
2025-11-22,8,3,0.0,0.0,0.0
2025-11-22,9,4,0.0,0.0,0.0
2025-11-23,1,1,0.0,0.0,0.0
2025-11-23,2,2,0.0,0.0,0.0
2025-11-23,3,3,0.0,0.0,0.0
2025-11-23,4,4,0.0,0.0,0.0
2025-11-23,5,5,0.0,0.0,0.0
2025-11-23,6,1,0.0,0.0,0.0
2025-11-23,7,2,0.0,0.0,0.0
2025-11-23,8,3,0.0,0.0,0.0
2025-11-23,9,4,0.0,0.0,0.0
2025-11-24,1,1,8.6,8.0,7.68
2025-11-24,2,2,8.4,7.3,6.5
2025-11-24,3,3,8.0,6.9,5.9
2025-11-24,4,4,7.6,7.2,5.81
2025-11-24,5,5,7.2,6.8,5.77
2025-11-24,6,1,8.0,6.8,6.32
2025-11-24,7,2,7.6,6.2,5.47
2025-11-24,8,3,6.0,5.4,3.86
2025-11-24,9,4,5.2,4.3,3.21
2025-11-25,1,1,8.6,8.2,7.73
2025-11-25,2,2,8.4,6.6,6.24
2025-11-25,3,3,8.0,7.3,6.27
2025-11-25,4,4,7.6,6.0,5.13
2025-11-25,5,5,7.2,6.8,5.64
2025-11-25,6,1,8.0,6.5,5.73
2025-11-25,7,2,7.6,7.1,6.23
2025-11-25,8,3,3.0,2.9,2.28
2025-11-25,9,4,5.2,3.9,2.69
2025-11-26,1,1,8.6,7.1,6.86
2025-11-26,2,2,8.4,7.1,6.45
2025-11-26,3,3,8.0,6.5,5.67
2025-11-26,4,4,7.6,7.1,6.0
2025-11-26,5,5,7.2,6.2,5.18
2025-11-26,6,1,8.0,6.7,6.03
2025-11-26,7,2,7.6,6.2,5.16
2025-11-26,8,3,6.0,5.9,4.63
2025-11-26,9,4,5.2,4.2,3.19
2025-11-27,1,1,2.2,1.8,1.61
2025-11-27,2,2,2.1,2.0,1.88
2025-11-27,3,3,2.0,1.8,1.59
2025-11-27,4,4,1.9,1.7,1.51
2025-11-27,5,5,1.8,1.5,1.17
2025-11-27,6,1,2.0,1.5,1.37
2025-11-27,7,2,1.9,1.5,1.32
2025-11-27,8,3,1.5,1.3,1.06
2025-11-27,9,4,1.3,1.2,0.85
2025-11-28,1,1,1.8,1.7,1.59
2025-11-28,2,2,1.7,1.3,1.17
2025-11-28,3,3,1.6,1.5,1.37
2025-11-28,4,4,1.5,1.4,1.17
2025-11-28,5,5,1.5,1.2,1.02
2025-11-28,6,1,1.6,1.5,1.33
2025-11-28,7,2,1.5,1.3,1.12
2025-11-28,8,3,1.2,1.2,0.9
2025-11-28,9,4,1.1,0.8,0.63
2025-11-29,1,1,0.0,0.0,0.0
2025-11-29,2,2,0.0,0.0,0.0
2025-11-29,3,3,0.0,0.0,0.0
2025-11-29,4,4,0.0,0.0,0.0
2025-11-29,5,5,0.0,0.0,0.0
2025-11-29,6,1,0.0,0.0,0.0
2025-11-29,7,2,0.0,0.0,0.0
2025-11-29,8,3,0.0,0.0,0.0
2025-11-29,9,4,0.0,0.0,0.0
2025-11-30,1,1,0.0,0.0,0.0
2025-11-30,2,2,0.0,0.0,0.0
2025-11-30,3,3,0.0,0.0,0.0
2025-11-30,4,4,0.0,0.0,0.0
2025-11-30,5,5,0.0,0.0,0.0
2025-11-30,6,1,0.0,0.0,0.0
2025-11-30,7,2,0.0,0.0,0.0
2025-11-30,8,3,0.0,0.0,0.0
2025-11-30,9,4,0.0,0.0,0.0
2025-12-01,1,1,7.3,7.0,6.46
2025-12-01,2,2,7.1,5.4,5.12
2025-12-01,3,3,6.8,5.4,4.72
2025-12-01,4,4,6.5,6.2,5.24
2025-12-01,5,5,6.1,5.6,4.72
2025-12-01,6,1,6.8,6.1,5.26
2025-12-01,7,2,6.5,4.9,4.08
2025-12-01,8,3,5.1,4.0,3.25
2025-12-01,9,4,4.4,4.1,2.71
2025-12-02,1,1,7.3,6.6,6.11
2025-12-02,2,2,7.1,6.0,5.28
2025-12-02,3,3,6.8,5.7,4.78
2025-12-02,4,4,6.5,6.1,4.98
2025-12-02,5,5,6.1,5.5,4.27
2025-12-02,6,1,6.8,5.6,4.85
2025-12-02,7,2,6.5,5.7,4.77
2025-12-02,8,3,5.1,4.2,3.09
2025-12-02,9,4,4.4,3.9,2.75
2025-12-03,1,1,7.3,7.2,6.64
2025-12-03,2,2,7.1,5.9,5.31
2025-12-03,3,3,6.8,6.5,5.7
2025-12-03,4,4,6.5,5.9,4.82
2025-12-03,5,5,6.1,5.4,4.17
2025-12-03,6,1,6.8,6.1,5.22
2025-12-03,7,2,6.5,5.2,4.51
2025-12-03,8,3,5.1,5.0,3.96
2025-12-03,9,4,4.4,3.3,2.51
2025-12-04,1,1,7.3,6.2,5.77
2025-12-04,2,2,7.1,5.6,5.21
2025-12-04,3,3,6.8,5.6,4.97
2025-12-04,4,4,6.5,5.2,4.51
2025-12-04,5,5,6.1,5.8,4.39
2025-12-04,6,1,6.8,5.3,4.54
2025-12-04,7,2,6.5,5.1,4.3
2025-12-04,8,3,5.1,4.4,3.23
2025-12-04,9,4,4.4,3.6,2.37
2025-12-05,1,1,6.0,4.8,4.6
2025-12-05,2,2,5.8,4.4,4.04
2025-12-05,3,3,5.5,5.2,4.65
2025-12-05,4,4,5.2,4.0,3.44
2025-12-05,5,5,5.0,3.8,3.0
2025-12-05,6,1,5.5,5.4,4.72
2025-12-05,7,2,5.2,4.1,3.38
2025-12-05,8,3,4.1,3.4,2.75
2025-12-05,9,4,3.6,3.3,2.19
2025-12-06,1,1,0.0,0.0,0.0
2025-12-06,2,2,0.0,0.0,0.0
2025-12-06,3,3,0.0,0.0,0.0
2025-12-06,4,4,0.0,0.0,0.0
2025-12-06,5,5,0.0,0.0,0.0
2025-12-06,6,1,0.0,0.0,0.0
2025-12-06,7,2,0.0,0.0,0.0
2025-12-06,8,3,0.0,0.0,0.0
2025-12-06,9,4,0.0,0.0,0.0
2025-12-07,1,1,0.0,0.0,0.0
2025-12-07,2,2,0.0,0.0,0.0
2025-12-07,3,3,0.0,0.0,0.0
2025-12-07,4,4,0.0,0.0,0.0
2025-12-07,5,5,0.0,0.0,0.0
2025-12-07,6,1,0.0,0.0,0.0
2025-12-07,7,2,0.0,0.0,0.0
2025-12-07,8,3,0.0,0.0,0.0
2025-12-07,9,4,0.0,0.0,0.0
2025-12-08,1,1,7.3,5.6,5.36
2025-12-08,2,2,7.1,5.6,5.1
2025-12-08,3,3,6.8,6.1,5.53
2025-12-08,4,4,6.5,6.1,4.96
2025-12-08,5,5,6.1,5.9,4.65
2025-12-08,6,1,6.8,6.4,5.88
2025-12-08,7,2,6.5,6.0,5.0
2025-12-08,8,3,5.1,3.9,3.24
2025-12-08,9,4,4.4,3.7,2.76
2025-12-09,1,1,7.3,6.7,6.07
2025-12-09,2,2,7.1,5.9,5.24
2025-12-09,3,3,6.8,6.4,5.88
2025-12-09,4,4,6.5,6.2,5.04
2025-12-09,5,5,6.1,4.7,3.64
2025-12-09,6,1,6.8,6.2,5.61
2025-12-09,7,2,6.5,5.7,4.93
2025-12-09,8,3,5.1,4.6,3.45
2025-12-09,9,4,4.4,4.0,2.68
2025-12-10,1,1,7.3,5.9,5.48
2025-12-10,2,2,7.1,6.0,5.62
2025-12-10,3,3,6.8,6.6,5.61
2025-12-10,4,4,6.5,5.1,4.49
2025-12-10,5,5,6.1,5.8,4.41
2025-12-10,6,1,6.8,5.5,5.08
2025-12-10,7,2,6.5,5.2,4.51
2025-12-10,8,3,5.1,4.1,3.13
2025-12-10,9,4,4.4,3.8,2.94
2025-12-11,1,1,7.3,5.7,5.34
2025-12-11,2,2,7.1,5.5,5.02
2025-12-11,3,3,6.8,5.1,4.32
2025-12-11,4,4,6.5,5.8,4.79
2025-12-11,5,5,6.1,4.9,4.05
2025-12-11,6,1,6.8,5.7,4.84
2025-12-11,7,2,6.5,5.5,4.77
2025-12-11,8,3,5.1,4.4,3.47
2025-12-11,9,4,4.4,3.4,2.62
2025-12-12,1,1,6.0,4.9,4.74
2025-12-12,2,2,5.8,4.7,4.34
2025-12-12,3,3,5.5,4.2,3.58
2025-12-12,4,4,5.2,4.8,4.19
2025-12-12,5,5,5.0,4.4,3.42
2025-12-12,6,1,5.5,4.6,4.12
2025-12-12,7,2,5.2,4.8,3.98
2025-12-12,8,3,4.1,4.0,3.26
2025-12-12,9,4,3.6,3.3,2.39
2025-12-13,1,1,0.0,0.0,0.0
2025-12-13,2,2,0.0,0.0,0.0
2025-12-13,3,3,0.0,0.0,0.0
2025-12-13,4,4,0.0,0.0,0.0
2025-12-13,5,5,0.0,0.0,0.0
2025-12-13,6,1,0.0,0.0,0.0
2025-12-13,7,2,0.0,0.0,0.0
2025-12-13,8,3,0.0,0.0,0.0
2025-12-13,9,4,0.0,0.0,0.0
2025-12-14,1,1,0.0,0.0,0.0
2025-12-14,2,2,0.0,0.0,0.0
2025-12-14,3,3,0.0,0.0,0.0
2025-12-14,4,4,0.0,0.0,0.0
2025-12-14,5,5,0.0,0.0,0.0
2025-12-14,6,1,0.0,0.0,0.0
2025-12-14,7,2,0.0,0.0,0.0
2025-12-14,8,3,0.0,0.0,0.0
2025-12-14,9,4,0.0,0.0,0.0
2025-12-15,1,1,7.3,7.1,6.48
2025-12-15,2,2,7.1,6.2,5.5
2025-12-15,3,3,6.8,6.4,5.63
2025-12-15,4,4,6.5,6.2,5.08
2025-12-15,5,5,6.1,5.6,4.3
2025-12-15,6,1,6.8,6.0,5.56
2025-12-15,7,2,6.5,5.4,4.87
2025-12-15,8,3,5.1,4.7,3.48
2025-12-15,9,4,4.4,4.3,3.09
2025-12-16,1,1,7.3,6.2,5.89
2025-12-16,2,2,7.1,5.8,5.43
2025-12-16,3,3,6.8,6.2,5.68
2025-12-16,4,4,6.5,5.1,4.44
2025-12-16,5,5,6.1,5.1,4.22
2025-12-16,6,1,6.8,6.1,5.67
2025-12-16,7,2,6.5,5.9,4.97
2025-12-16,8,3,5.1,4.2,3.25
2025-12-16,9,4,4.4,4.0,2.85
2025-12-17,1,1,7.3,6.9,6.37
2025-12-17,2,2,7.1,6.7,6.13
2025-12-17,3,3,6.8,5.3,4.76
2025-12-17,4,4,6.5,6.0,4.86
2025-12-17,5,5,6.1,4.9,4.2
2025-12-17,6,1,6.8,5.6,5.06
2025-12-17,7,2,6.5,6.1,5.01
2025-12-17,8,3,5.1,4.7,3.85
2025-12-17,9,4,4.4,3.9,2.66
2025-12-18,1,1,7.3,6.9,6.31
2025-12-18,2,2,7.1,6.9,6.24
2025-12-18,3,3,6.8,6.6,5.73
2025-12-18,4,4,6.5,4.9,4.01
2025-12-18,5,5,6.1,5.7,4.86
2025-12-18,6,1,6.8,6.5,5.91
2025-12-18,7,2,6.5,6.0,5.15
2025-12-18,8,3,5.1,4.7,3.95
2025-12-18,9,4,4.4,3.5,2.63
2025-12-19,1,1,6.0,4.7,4.41
2025-12-19,2,2,5.8,4.9,4.52
2025-12-19,3,3,5.5,4.9,4.2
2025-12-19,4,4,5.2,4.8,3.91
2025-12-19,5,5,5.0,4.1,3.1
2025-12-19,6,1,5.5,4.9,4.45
2025-12-19,7,2,5.2,4.6,3.93
2025-12-19,8,3,4.1,3.4,2.49
2025-12-19,9,4,3.6,2.7,2.0
2025-12-20,1,1,0.0,0.0,0.0
2025-12-20,2,2,0.0,0.0,0.0
2025-12-20,3,3,0.0,0.0,0.0
2025-12-20,4,4,0.0,0.0,0.0
2025-12-20,5,5,0.0,0.0,0.0
2025-12-20,6,1,0.0,0.0,0.0
2025-12-20,7,2,0.0,0.0,0.0
2025-12-20,8,3,0.0,0.0,0.0
2025-12-20,9,4,0.0,0.0,0.0
2025-12-21,1,1,0.0,0.0,0.0
2025-12-21,2,2,0.0,0.0,0.0
2025-12-21,3,3,0.0,0.0,0.0
2025-12-21,4,4,0.0,0.0,0.0
2025-12-21,5,5,0.0,0.0,0.0
2025-12-21,6,1,0.0,0.0,0.0
2025-12-21,7,2,0.0,0.0,0.0
2025-12-21,8,3,0.0,0.0,0.0
2025-12-21,9,4,0.0,0.0,0.0
2025-12-22,1,1,5.5,4.8,4.36
2025-12-22,2,2,5.4,4.3,3.86
2025-12-22,3,3,5.1,4.1,3.67
2025-12-22,4,4,4.8,4.7,4.19
2025-12-22,5,5,4.6,3.5,2.87
2025-12-22,6,1,5.1,4.9,4.39
2025-12-22,7,2,4.8,4.7,4.11
2025-12-22,8,3,3.8,3.7,3.06
2025-12-22,9,4,3.3,2.9,2.01
2025-12-23,1,1,5.5,5.2,4.79
2025-12-23,2,2,5.4,4.6,4.03
2025-12-23,3,3,5.1,4.1,3.57
2025-12-23,4,4,4.8,3.8,3.42
2025-12-23,5,5,4.6,3.5,2.61
2025-12-23,6,1,5.1,4.7,4.35
2025-12-23,7,2,4.8,3.7,3.24
2025-12-23,8,3,3.8,3.7,3.01
2025-12-23,9,4,3.3,3.2,2.44
2025-12-24,1,1,1.8,1.6,1.45
2025-12-24,2,2,1.8,1.4,1.27
2025-12-24,3,3,1.7,1.5,1.29
2025-12-24,4,4,1.6,1.4,1.17
2025-12-24,5,5,1.5,1.2,0.96
2025-12-24,6,1,1.7,1.5,1.37
2025-12-24,7,2,1.6,1.4,1.25
2025-12-24,8,3,1.3,1.2,0.88
2025-12-24,9,4,1.1,0.9,0.6
2025-12-25,1,1,1.8,1.6,1.45
2025-12-25,2,2,1.8,1.5,1.41
2025-12-25,3,3,1.7,1.4,1.29
2025-12-25,4,4,1.6,1.6,1.28
2025-12-25,5,5,1.5,1.5,1.24
2025-12-25,6,1,1.7,1.4,1.32
2025-12-25,7,2,1.6,1.4,1.18
2025-12-25,8,3,0.6,0.6,0.44
2025-12-25,9,4,1.1,0.9,0.69
2025-12-26,1,1,1.5,1.2,1.15
2025-12-26,2,2,1.5,1.3,1.12
2025-12-26,3,3,1.4,1.3,1.11
2025-12-26,4,4,1.3,1.2,1.08
2025-12-26,5,5,1.2,1.2,1.04
2025-12-26,6,1,1.4,1.2,1.06
2025-12-26,7,2,1.3,1.0,0.89
2025-12-26,8,3,1.0,0.9,0.61
2025-12-26,9,4,0.9,0.7,0.52
2025-12-27,1,1,0.0,0.0,0.0
2025-12-27,2,2,0.0,0.0,0.0
2025-12-27,3,3,0.0,0.0,0.0
2025-12-27,4,4,0.0,0.0,0.0
2025-12-27,5,5,0.0,0.0,0.0
2025-12-27,6,1,0.0,0.0,0.0
2025-12-27,7,2,0.0,0.0,0.0
2025-12-27,8,3,0.0,0.0,0.0
2025-12-27,9,4,0.0,0.0,0.0
2025-12-28,1,1,0.0,0.0,0.0
2025-12-28,2,2,0.0,0.0,0.0
2025-12-28,3,3,0.0,0.0,0.0
2025-12-28,4,4,0.0,0.0,0.0
2025-12-28,5,5,0.0,0.0,0.0
2025-12-28,6,1,0.0,0.0,0.0
2025-12-28,7,2,0.0,0.0,0.0
2025-12-28,8,3,0.0,0.0,0.0
2025-12-28,9,4,0.0,0.0,0.0
2025-12-29,1,1,5.5,4.5,4.22
2025-12-29,2,2,5.4,4.4,4.05
2025-12-29,3,3,5.1,4.3,3.68
2025-12-29,4,4,4.8,3.6,3.0
2025-12-29,5,5,4.6,4.2,3.39
2025-12-29,6,1,5.1,4.0,3.62
2025-12-29,7,2,4.8,4.1,3.52
2025-12-29,8,3,3.8,3.4,2.43
2025-12-29,9,4,3.3,3.1,2.44
2025-12-30,1,1,5.5,4.8,4.42
2025-12-30,2,2,5.4,4.1,3.64
2025-12-30,3,3,5.1,4.4,3.72
2025-12-30,4,4,4.8,4.1,3.51
2025-12-30,5,5,4.6,4.0,3.28
2025-12-30,6,1,5.1,4.4,3.99
2025-12-30,7,2,4.8,3.9,3.42
2025-12-30,8,3,3.8,3.1,2.39
2025-12-30,9,4,3.3,2.8,2.02
2025-12-31,1,1,5.5,5.2,4.98
2025-12-31,2,2,5.4,4.2,3.87
2025-12-31,3,3,5.1,4.0,3.7
2025-12-31,4,4,4.8,4.7,4.12
2025-12-31,5,5,4.6,3.8,2.97
2025-12-31,6,1,5.1,3.9,3.43
2025-12-31,7,2,4.8,3.9,3.45
2025-12-31,8,3,3.8,3.3,2.51
2025-12-31,9,4,3.3,3.2,2.26
2026-01-01,1,1,2.0,1.7,1.66
2026-01-01,2,2,1.9,1.6,1.44
2026-01-01,3,3,1.8,1.7,1.44
2026-01-01,4,4,1.7,1.6,1.4
2026-01-01,5,5,1.7,1.6,1.29
2026-01-01,6,1,1.8,1.7,1.55
2026-01-01,7,2,1.7,1.6,1.34
2026-01-01,8,3,1.4,1.1,0.77
2026-01-01,9,4,1.2,1.0,0.65
2026-01-02,1,1,6.5,5.9,5.37
2026-01-02,2,2,6.3,5.9,5.47
2026-01-02,3,3,6.0,5.1,4.41
2026-01-02,4,4,5.7,5.3,4.29
2026-01-02,5,5,5.4,4.7,3.65
2026-01-02,6,1,6.0,4.5,4.07
2026-01-02,7,2,5.7,4.6,3.84
2026-01-02,8,3,4.5,4.0,3.1
2026-01-02,9,4,3.9,3.6,2.67
2026-01-03,1,1,0.0,0.0,0.0
2026-01-03,2,2,0.0,0.0,0.0
2026-01-03,3,3,0.0,0.0,0.0
2026-01-03,4,4,0.0,0.0,0.0
2026-01-03,5,5,0.0,0.0,0.0
2026-01-03,6,1,0.0,0.0,0.0
2026-01-03,7,2,0.0,0.0,0.0
2026-01-03,8,3,0.0,0.0,0.0
2026-01-03,9,4,0.0,0.0,0.0
2026-01-04,1,1,0.0,0.0,0.0
2026-01-04,2,2,0.0,0.0,0.0
2026-01-04,3,3,0.0,0.0,0.0
2026-01-04,4,4,0.0,0.0,0.0
2026-01-04,5,5,0.0,0.0,0.0
2026-01-04,6,1,0.0,0.0,0.0
2026-01-04,7,2,0.0,0.0,0.0
2026-01-04,8,3,0.0,0.0,0.0
2026-01-04,9,4,0.0,0.0,0.0
2026-01-05,1,1,7.9,6.1,5.7
2026-01-05,2,2,7.7,7.3,6.54
2026-01-05,3,3,7.4,6.5,5.91
2026-01-05,4,4,7.0,5.5,4.79
2026-01-05,5,5,6.6,6.1,4.8
2026-01-05,6,1,7.4,6.5,5.66
2026-01-05,7,2,7.0,5.4,4.53
2026-01-05,8,3,5.5,4.8,3.63
2026-01-05,9,4,4.8,3.7,2.66
2026-01-06,1,1,7.9,6.0,5.76
2026-01-06,2,2,7.7,6.0,5.49
2026-01-06,3,3,7.4,6.5,5.93
2026-01-06,4,4,7.0,6.5,5.61
2026-01-06,5,5,6.6,5.5,4.18
2026-01-06,6,1,7.4,5.9,5.4
2026-01-06,7,2,7.0,5.9,5.08
2026-01-06,8,3,5.5,5.1,4.07
2026-01-06,9,4,4.8,3.7,2.7
2026-01-07,1,1,7.9,7.5,6.93
2026-01-07,2,2,7.7,6.5,5.83
2026-01-07,3,3,7.4,6.9,6.08
2026-01-07,4,4,7.0,5.3,4.55
2026-01-07,5,5,6.6,5.4,4.32
2026-01-07,6,1,7.4,6.6,5.76
2026-01-07,7,2,7.0,5.9,5.03
2026-01-07,8,3,5.5,5.0,4.03
2026-01-07,9,4,4.8,4.5,3.21
2026-01-08,1,1,7.9,7.0,6.4
2026-01-08,2,2,7.7,6.4,5.96
2026-01-08,3,3,7.4,7.0,6.22
2026-01-08,4,4,7.0,6.0,5.19
2026-01-08,5,5,6.6,5.3,4.23
2026-01-08,6,1,7.4,6.5,5.84
2026-01-08,7,2,7.0,5.5,4.94
2026-01-08,8,3,2.8,2.1,1.53
2026-01-08,9,4,4.8,4.1,2.68
2026-01-09,1,1,6.5,5.0,4.48
2026-01-09,2,2,6.3,6.1,5.66
2026-01-09,3,3,6.0,5.5,4.85
2026-01-09,4,4,5.7,5.3,4.61
2026-01-09,5,5,5.4,4.3,3.55
2026-01-09,6,1,6.0,4.9,4.16
2026-01-09,7,2,5.7,4.9,4.14
2026-01-09,8,3,4.5,3.4,2.49
2026-01-09,9,4,1.9,1.5,1.22
2026-01-10,1,1,0.0,0.0,0.0
2026-01-10,2,2,0.0,0.0,0.0
2026-01-10,3,3,0.0,0.0,0.0
2026-01-10,4,4,0.0,0.0,0.0
2026-01-10,5,5,0.0,0.0,0.0
2026-01-10,6,1,0.0,0.0,0.0
2026-01-10,7,2,0.0,0.0,0.0
2026-01-10,8,3,0.0,0.0,0.0
2026-01-10,9,4,0.0,0.0,0.0
2026-01-11,1,1,0.0,0.0,0.0
2026-01-11,2,2,0.0,0.0,0.0
2026-01-11,3,3,0.0,0.0,0.0
2026-01-11,4,4,0.0,0.0,0.0
2026-01-11,5,5,0.0,0.0,0.0
2026-01-11,6,1,0.0,0.0,0.0
2026-01-11,7,2,0.0,0.0,0.0
2026-01-11,8,3,0.0,0.0,0.0
2026-01-11,9,4,0.0,0.0,0.0
2026-01-12,1,1,7.9,6.6,6.13
2026-01-12,2,2,7.7,6.7,6.26
2026-01-12,3,3,7.4,5.7,4.89
2026-01-12,4,4,7.0,6.7,5.61
2026-01-12,5,5,6.6,5.4,4.43
2026-01-12,6,1,7.4,7.1,6.36
2026-01-12,7,2,7.0,5.9,4.89
2026-01-12,8,3,5.5,4.5,3.76
2026-01-12,9,4,4.8,4.6,3.63
2026-01-13,1,1,7.9,7.0,6.65
2026-01-13,2,2,7.7,6.8,6.35
2026-01-13,3,3,7.4,7.1,6.27
2026-01-13,4,4,7.0,6.2,4.97
2026-01-13,5,5,6.6,5.1,4.19
2026-01-13,6,1,7.4,6.7,5.79
2026-01-13,7,2,7.0,6.8,5.84
2026-01-13,8,3,2.8,2.6,1.91
2026-01-13,9,4,4.8,4.3,3.35
2026-01-14,1,1,7.9,7.7,7.15
2026-01-14,2,2,7.7,7.4,6.64
2026-01-14,3,3,7.4,6.7,6.09
2026-01-14,4,4,7.0,5.6,4.86
2026-01-14,5,5,6.6,5.3,4.09
2026-01-14,6,1,7.4,6.6,5.66
2026-01-14,7,2,7.0,6.7,5.88
2026-01-14,8,3,5.5,4.9,3.97
2026-01-14,9,4,4.8,3.6,2.63
2026-01-15,1,1,7.9,6.9,6.65
2026-01-15,2,2,7.7,7.3,6.71
2026-01-15,3,3,7.4,7.1,6.1
2026-01-15,4,4,7.0,6.2,4.97
2026-01-15,5,5,6.6,5.7,4.64
2026-01-15,6,1,7.4,6.2,5.6
2026-01-15,7,2,7.0,6.8,5.97
2026-01-15,8,3,5.5,5.0,3.52
2026-01-15,9,4,4.8,4.2,2.95
2026-01-16,1,1,6.5,5.2,4.91
2026-01-16,2,2,6.3,5.4,4.97
2026-01-16,3,3,6.0,5.2,4.43
2026-01-16,4,4,5.7,4.7,4.2
2026-01-16,5,5,5.4,4.3,3.26
2026-01-16,6,1,6.0,4.8,4.12
2026-01-16,7,2,5.7,4.6,3.9
2026-01-16,8,3,4.5,3.5,2.93
2026-01-16,9,4,3.9,3.6,2.46
2026-01-17,1,1,0.0,0.0,0.0
2026-01-17,2,2,0.0,0.0,0.0
2026-01-17,3,3,0.0,0.0,0.0
2026-01-17,4,4,0.0,0.0,0.0
2026-01-17,5,5,0.0,0.0,0.0
2026-01-17,6,1,0.0,0.0,0.0
2026-01-17,7,2,0.0,0.0,0.0
2026-01-17,8,3,0.0,0.0,0.0
2026-01-17,9,4,0.0,0.0,0.0
2026-01-18,1,1,0.0,0.0,0.0
2026-01-18,2,2,0.0,0.0,0.0
2026-01-18,3,3,0.0,0.0,0.0
2026-01-18,4,4,0.0,0.0,0.0
2026-01-18,5,5,0.0,0.0,0.0
2026-01-18,6,1,0.0,0.0,0.0
2026-01-18,7,2,0.0,0.0,0.0
2026-01-18,8,3,0.0,0.0,0.0
2026-01-18,9,4,0.0,0.0,0.0
2026-01-19,1,1,7.9,7.8,7.47
2026-01-19,2,2,7.7,7.1,6.62
2026-01-19,3,3,7.4,6.5,5.73
2026-01-19,4,4,7.0,6.4,5.12
2026-01-19,5,5,6.6,5.7,4.7
2026-01-19,6,1,7.4,6.1,5.35
2026-01-19,7,2,7.0,6.7,5.67
2026-01-19,8,3,5.5,4.3,3.53
2026-01-19,9,4,4.8,3.8,2.8
2026-01-20,1,1,7.9,6.3,6.0
2026-01-20,2,2,7.7,7.0,6.39
2026-01-20,3,3,7.4,7.0,6.12
2026-01-20,4,4,7.0,6.3,5.1
2026-01-20,5,5,6.6,6.2,4.9
2026-01-20,6,1,7.4,6.5,5.96
2026-01-20,7,2,7.0,5.5,4.61
2026-01-20,8,3,5.5,4.5,3.33
2026-01-20,9,4,4.8,3.9,2.79
2026-01-21,1,1,7.9,6.6,6.24
2026-01-21,2,2,7.7,6.5,5.83
2026-01-21,3,3,7.4,6.8,6.03
2026-01-21,4,4,7.0,6.4,5.15
2026-01-21,5,5,6.6,5.1,3.88
2026-01-21,6,1,7.4,6.4,5.49
2026-01-21,7,2,7.0,6.5,5.35
2026-01-21,8,3,5.5,4.3,3.43
2026-01-21,9,4,4.8,3.9,2.7
2026-01-22,1,1,7.9,7.1,6.46
2026-01-22,2,2,7.7,5.8,5.42
2026-01-22,3,3,7.4,6.1,5.33
2026-01-22,4,4,7.0,6.1,5.06
2026-01-22,5,5,6.6,6.4,5.37
2026-01-22,6,1,7.4,6.5,5.88
2026-01-22,7,2,7.0,6.2,5.3
2026-01-22,8,3,5.5,4.5,3.39
2026-01-22,9,4,4.8,4.5,3.2
2026-01-23,1,1,6.5,5.2,4.82
2026-01-23,2,2,3.1,2.9,2.76
2026-01-23,3,3,6.0,5.1,4.31
2026-01-23,4,4,5.7,5.5,4.66
2026-01-23,5,5,2.7,2.3,1.79
2026-01-23,6,1,6.0,4.5,3.96
2026-01-23,7,2,5.7,5.0,4.25
2026-01-23,8,3,4.5,4.1,3.11
2026-01-23,9,4,3.9,3.2,2.25
2026-01-24,1,1,0.0,0.0,0.0
2026-01-24,2,2,0.0,0.0,0.0
2026-01-24,3,3,0.0,0.0,0.0
2026-01-24,4,4,0.0,0.0,0.0
2026-01-24,5,5,0.0,0.0,0.0
2026-01-24,6,1,0.0,0.0,0.0
2026-01-24,7,2,0.0,0.0,0.0
2026-01-24,8,3,0.0,0.0,0.0
2026-01-24,9,4,0.0,0.0,0.0
2026-01-25,1,1,0.0,0.0,0.0
2026-01-25,2,2,0.0,0.0,0.0
2026-01-25,3,3,0.0,0.0,0.0
2026-01-25,4,4,0.0,0.0,0.0
2026-01-25,5,5,0.0,0.0,0.0
2026-01-25,6,1,0.0,0.0,0.0
2026-01-25,7,2,0.0,0.0,0.0
2026-01-25,8,3,0.0,0.0,0.0
2026-01-25,9,4,0.0,0.0,0.0
2026-01-26,1,1,7.9,7.4,7.09
2026-01-26,2,2,7.7,7.0,6.31
2026-01-26,3,3,7.4,6.9,6.01
2026-01-26,4,4,7.0,5.5,4.59
2026-01-26,5,5,6.6,5.9,4.62
2026-01-26,6,1,7.4,5.8,4.97
2026-01-26,7,2,7.0,6.1,5.1
2026-01-26,8,3,5.5,4.5,3.59
2026-01-26,9,4,4.8,3.8,2.59
2026-01-27,1,1,7.9,6.6,6.07
2026-01-27,2,2,7.7,7.6,6.91
2026-01-27,3,3,7.4,6.1,5.52
2026-01-27,4,4,7.0,5.3,4.68
2026-01-27,5,5,6.6,5.7,4.39
2026-01-27,6,1,7.4,6.9,6.33
2026-01-27,7,2,7.0,6.5,5.44
2026-01-27,8,3,5.5,4.7,3.78
2026-01-27,9,4,4.8,4.1,3.14
2026-01-28,1,1,7.9,7.8,7.24
2026-01-28,2,2,7.7,6.4,5.73
2026-01-28,3,3,7.4,5.6,5.12
2026-01-28,4,4,7.0,5.7,4.88
2026-01-28,5,5,6.6,6.3,5.4
2026-01-28,6,1,7.4,5.7,5.14
2026-01-28,7,2,7.0,5.5,4.64
2026-01-28,8,3,5.5,5.1,3.61
2026-01-28,9,4,4.8,4.5,3.21
2026-01-29,1,1,7.9,6.6,6.02
2026-01-29,2,2,7.7,6.0,5.5
2026-01-29,3,3,7.4,7.2,6.41
2026-01-29,4,4,7.0,6.3,5.46
2026-01-29,5,5,6.6,5.2,4.01
2026-01-29,6,1,7.4,6.9,6.24
2026-01-29,7,2,7.0,5.9,4.97
2026-01-29,8,3,5.5,4.6,3.3
2026-01-29,9,4,4.8,4.1,2.95
2026-01-30,1,1,6.5,5.9,5.37
2026-01-30,2,2,6.3,5.2,4.85
2026-01-30,3,3,6.0,5.6,5.14
2026-01-30,4,4,5.7,4.4,3.55
2026-01-30,5,5,5.4,4.4,3.46
2026-01-30,6,1,3.0,2.7,2.36
2026-01-30,7,2,5.7,4.3,3.81
2026-01-30,8,3,4.5,3.6,2.89
2026-01-30,9,4,3.9,3.4,2.41
2026-01-31,1,1,0.0,0.0,0.0
2026-01-31,2,2,0.0,0.0,0.0
2026-01-31,3,3,0.0,0.0,0.0
2026-01-31,4,4,0.0,0.0,0.0
2026-01-31,5,5,0.0,0.0,0.0
2026-01-31,6,1,0.0,0.0,0.0
2026-01-31,7,2,0.0,0.0,0.0
2026-01-31,8,3,0.0,0.0,0.0
2026-01-31,9,4,0.0,0.0,0.0
2026-02-01,1,1,0.0,0.0,0.0
2026-02-01,2,2,0.0,0.0,0.0
2026-02-01,3,3,0.0,0.0,0.0
2026-02-01,4,4,0.0,0.0,0.0
2026-02-01,5,5,0.0,0.0,0.0
2026-02-01,6,1,0.0,0.0,0.0
2026-02-01,7,2,0.0,0.0,0.0
2026-02-01,8,3,0.0,0.0,0.0
2026-02-01,9,4,0.0,0.0,0.0
2026-02-02,1,1,7.9,6.9,6.45
2026-02-02,2,2,7.7,6.4,5.89
2026-02-02,3,3,7.4,6.4,5.41
2026-02-02,4,4,7.0,5.5,4.84
2026-02-02,5,5,6.6,5.7,4.35
2026-02-02,6,1,7.4,6.9,6.26
2026-02-02,7,2,7.0,6.4,5.36
2026-02-02,8,3,5.5,4.9,3.49
2026-02-02,9,4,4.8,3.8,2.76
2026-02-03,1,1,7.9,6.1,5.84
2026-02-03,2,2,7.7,6.8,6.42
2026-02-03,3,3,7.4,6.1,5.51
2026-02-03,4,4,7.0,5.7,4.56
2026-02-03,5,5,6.6,5.4,4.69
2026-02-03,6,1,7.4,5.7,5.16
2026-02-03,7,2,7.0,5.5,4.78
2026-02-03,8,3,5.5,4.9,3.58
2026-02-03,9,4,4.8,4.0,2.69
2026-02-04,1,1,7.9,6.6,6.17
2026-02-04,2,2,7.7,7.4,6.57
2026-02-04,3,3,7.4,6.2,5.38
2026-02-04,4,4,7.0,6.8,5.78
2026-02-04,5,5,6.6,5.4,4.73
2026-02-04,6,1,7.4,6.1,5.6
2026-02-04,7,2,7.0,6.4,5.57
2026-02-04,8,3,5.5,4.4,3.56
2026-02-04,9,4,4.8,3.9,3.07
2026-02-05,1,1,7.9,6.7,6.36
2026-02-05,2,2,7.7,6.9,6.28
2026-02-05,3,3,7.4,6.0,5.21
2026-02-05,4,4,7.0,6.6,5.31
2026-02-05,5,5,6.6,6.0,4.71
2026-02-05,6,1,7.4,6.5,5.97
2026-02-05,7,2,7.0,5.3,4.5
2026-02-05,8,3,5.5,4.6,3.6
2026-02-05,9,4,4.8,4.5,2.97
2026-02-06,1,1,6.5,6.2,5.91
2026-02-06,2,2,6.3,5.9,5.22
2026-02-06,3,3,6.0,5.4,4.81
2026-02-06,4,4,5.7,5.0,4.18
2026-02-06,5,5,5.4,4.7,3.61
2026-02-06,6,1,6.0,5.5,4.87
2026-02-06,7,2,5.7,4.8,4.27
2026-02-06,8,3,4.5,3.6,2.85
2026-02-06,9,4,3.9,2.9,2.24
2026-02-07,1,1,0.0,0.0,0.0
2026-02-07,2,2,0.0,0.0,0.0
2026-02-07,3,3,0.0,0.0,0.0
2026-02-07,4,4,0.0,0.0,0.0
2026-02-07,5,5,0.0,0.0,0.0
2026-02-07,6,1,0.0,0.0,0.0
2026-02-07,7,2,0.0,0.0,0.0
2026-02-07,8,3,0.0,0.0,0.0
2026-02-07,9,4,0.0,0.0,0.0
2026-02-08,1,1,0.0,0.0,0.0
2026-02-08,2,2,0.0,0.0,0.0
2026-02-08,3,3,0.0,0.0,0.0
2026-02-08,4,4,0.0,0.0,0.0
2026-02-08,5,5,0.0,0.0,0.0
2026-02-08,6,1,0.0,0.0,0.0
2026-02-08,7,2,0.0,0.0,0.0
2026-02-08,8,3,0.0,0.0,0.0
2026-02-08,9,4,0.0,0.0,0.0
2026-02-09,1,1,7.9,6.5,5.89
2026-02-09,2,2,7.7,6.1,5.55
2026-02-09,3,3,7.4,5.6,5.04
2026-02-09,4,4,7.0,6.0,5.12
2026-02-09,5,5,6.6,5.3,4.16
2026-02-09,6,1,7.4,5.7,4.92
2026-02-09,7,2,7.0,5.3,4.54
2026-02-09,8,3,5.5,4.8,3.86
2026-02-09,9,4,4.8,3.7,2.74
2026-02-10,1,1,7.9,7.2,6.54
2026-02-10,2,2,7.7,7.1,6.37
2026-02-10,3,3,7.4,6.8,5.92
2026-02-10,4,4,7.0,5.4,4.67
2026-02-10,5,5,6.6,5.5,4.34
2026-02-10,6,1,7.4,5.6,4.86
2026-02-10,7,2,7.0,6.2,5.61
2026-02-10,8,3,5.5,4.3,3.05
2026-02-10,9,4,4.8,3.8,2.69
2026-02-11,1,1,7.9,7.5,6.83
2026-02-11,2,2,7.7,7.5,7.07
2026-02-11,3,3,7.4,6.9,5.81
2026-02-11,4,4,7.0,5.4,4.58
2026-02-11,5,5,6.6,5.3,4.31
2026-02-11,6,1,7.4,6.4,5.58
2026-02-11,7,2,7.0,6.4,5.34
2026-02-11,8,3,5.5,4.2,3.25
2026-02-11,9,4,4.8,3.6,2.46
2026-02-12,1,1,7.9,7.4,6.98
2026-02-12,2,2,7.7,7.0,6.13
2026-02-12,3,3,7.4,6.0,5.43
2026-02-12,4,4,7.0,6.6,5.32
2026-02-12,5,5,6.6,6.0,4.63
2026-02-12,6,1,7.4,7.2,6.15
2026-02-12,7,2,7.0,6.6,5.73
2026-02-12,8,3,5.5,4.8,3.65
2026-02-12,9,4,4.8,3.6,2.48
2026-02-13,1,1,6.5,5.3,4.95
2026-02-13,2,2,6.3,5.2,4.71
2026-02-13,3,3,6.0,4.8,4.42
2026-02-13,4,4,5.7,5.3,4.59
2026-02-13,5,5,5.4,5.1,4.36
2026-02-13,6,1,6.0,5.2,4.58
2026-02-13,7,2,5.7,5.4,4.74
2026-02-13,8,3,4.5,3.8,3.14
2026-02-13,9,4,3.9,3.5,2.38
2026-02-14,1,1,0.0,0.0,0.0
2026-02-14,2,2,0.0,0.0,0.0
2026-02-14,3,3,0.0,0.0,0.0
2026-02-14,4,4,0.0,0.0,0.0
2026-02-14,5,5,0.0,0.0,0.0
2026-02-14,6,1,0.0,0.0,0.0
2026-02-14,7,2,0.0,0.0,0.0
2026-02-14,8,3,0.0,0.0,0.0
2026-02-14,9,4,0.0,0.0,0.0
2026-02-15,1,1,0.0,0.0,0.0
2026-02-15,2,2,0.0,0.0,0.0
2026-02-15,3,3,0.0,0.0,0.0
2026-02-15,4,4,0.0,0.0,0.0
2026-02-15,5,5,0.0,0.0,0.0
2026-02-15,6,1,0.0,0.0,0.0
2026-02-15,7,2,0.0,0.0,0.0
2026-02-15,8,3,0.0,0.0,0.0
2026-02-15,9,4,0.0,0.0,0.0
2026-02-16,1,1,7.9,6.2,6.04
2026-02-16,2,2,7.7,6.4,5.86
2026-02-16,3,3,7.4,5.8,5.08
2026-02-16,4,4,7.0,6.6,5.51
2026-02-16,5,5,6.6,5.8,4.42
2026-02-16,6,1,7.4,7.2,6.18
2026-02-16,7,2,7.0,6.7,5.68
2026-02-16,8,3,5.5,5.3,3.83
2026-02-16,9,4,4.8,4.6,3.46
2026-02-17,1,1,7.9,7.6,7.03
2026-02-17,2,2,7.7,6.6,6.22
2026-02-17,3,3,7.4,7.1,6.12
2026-02-17,4,4,7.0,5.4,4.43
2026-02-17,5,5,6.6,5.9,4.61
2026-02-17,6,1,7.4,5.9,5.13
2026-02-17,7,2,7.0,5.8,5.09
2026-02-17,8,3,5.5,4.8,3.75
2026-02-17,9,4,4.8,4.0,3.11
2026-02-18,1,1,7.9,6.2,5.68
2026-02-18,2,2,7.7,7.2,6.3
2026-02-18,3,3,7.4,6.2,5.59
2026-02-18,4,4,7.0,6.5,5.21
2026-02-18,5,5,6.6,6.5,5.53
2026-02-18,6,1,7.4,6.1,5.38
2026-02-18,7,2,7.0,5.9,4.85
2026-02-18,8,3,5.5,4.6,3.44
2026-02-18,9,4,4.8,4.4,3.26
2026-02-19,1,1,7.9,7.6,7.22
2026-02-19,2,2,7.7,6.6,6.19
2026-02-19,3,3,7.4,7.2,6.35
2026-02-19,4,4,7.0,6.4,5.5
2026-02-19,5,5,6.6,5.9,4.48
2026-02-19,6,1,7.4,6.2,5.42
2026-02-19,7,2,7.0,6.0,5.11
2026-02-19,8,3,5.5,4.2,3.25
2026-02-19,9,4,4.8,4.5,3.23
2026-02-20,1,1,6.5,5.0,4.78
2026-02-20,2,2,6.3,5.7,5.08
2026-02-20,3,3,6.0,5.1,4.36
2026-02-20,4,4,5.7,5.2,4.26
2026-02-20,5,5,5.4,4.3,3.62
2026-02-20,6,1,6.0,5.6,5.06
2026-02-20,7,2,5.7,4.4,3.77
2026-02-20,8,3,4.5,3.9,2.94
2026-02-20,9,4,3.9,3.4,2.67
2026-02-21,1,1,0.0,0.0,0.0
2026-02-21,2,2,0.0,0.0,0.0
2026-02-21,3,3,0.0,0.0,0.0
2026-02-21,4,4,0.0,0.0,0.0
2026-02-21,5,5,0.0,0.0,0.0
2026-02-21,6,1,0.0,0.0,0.0
2026-02-21,7,2,0.0,0.0,0.0
2026-02-21,8,3,0.0,0.0,0.0
2026-02-21,9,4,0.0,0.0,0.0
2026-02-22,1,1,0.0,0.0,0.0
2026-02-22,2,2,0.0,0.0,0.0
2026-02-22,3,3,0.0,0.0,0.0
2026-02-22,4,4,0.0,0.0,0.0
2026-02-22,5,5,0.0,0.0,0.0
2026-02-22,6,1,0.0,0.0,0.0
2026-02-22,7,2,0.0,0.0,0.0
2026-02-22,8,3,0.0,0.0,0.0
2026-02-22,9,4,0.0,0.0,0.0
2026-02-23,1,1,7.9,6.7,6.35
2026-02-23,2,2,7.7,6.8,6.3
2026-02-23,3,3,7.4,7.0,5.97
2026-02-23,4,4,7.0,5.9,4.92
2026-02-23,5,5,6.6,5.6,4.66
2026-02-23,6,1,7.4,5.7,4.97
2026-02-23,7,2,7.0,5.7,4.84
2026-02-23,8,3,5.5,4.8,3.38
2026-02-23,9,4,4.8,3.8,2.84
2026-02-24,1,1,7.9,6.7,6.08
2026-02-24,2,2,7.7,6.2,5.72
2026-02-24,3,3,7.4,6.5,5.86
2026-02-24,4,4,7.0,5.5,4.74
2026-02-24,5,5,6.6,6.3,5.2
2026-02-24,6,1,7.4,6.0,5.57
2026-02-24,7,2,7.0,5.9,4.93
2026-02-24,8,3,5.5,4.9,3.92
2026-02-24,9,4,4.8,4.5,3.01
2026-02-25,1,1,7.9,7.0,6.78
2026-02-25,2,2,7.7,6.3,5.73
2026-02-25,3,3,7.4,5.6,4.93
2026-02-25,4,4,7.0,5.7,4.65
2026-02-25,5,5,6.6,5.4,4.38
2026-02-25,6,1,7.4,6.7,6.02
2026-02-25,7,2,7.0,6.4,5.59
2026-02-25,8,3,5.5,4.8,3.79
2026-02-25,9,4,4.8,4.7,3.24
2026-02-26,1,1,7.9,6.5,6.13
2026-02-26,2,2,7.7,6.4,5.71
2026-02-26,3,3,7.4,6.4,5.7
2026-02-26,4,4,7.0,5.5,4.76
2026-02-26,5,5,6.6,6.5,4.85
2026-02-26,6,1,7.4,6.6,5.65
2026-02-26,7,2,7.0,6.5,5.88
2026-02-26,8,3,5.5,4.6,3.55
2026-02-26,9,4,4.8,3.6,2.45
2026-02-27,1,1,6.5,6.0,5.55
2026-02-27,2,2,6.3,5.2,4.56
2026-02-27,3,3,6.0,5.0,4.45
2026-02-27,4,4,5.7,4.3,3.51
2026-02-27,5,5,5.4,4.5,3.7
2026-02-27,6,1,6.0,5.6,5.03
2026-02-27,7,2,5.7,5.1,4.53
2026-02-27,8,3,4.5,3.7,3.0
2026-02-27,9,4,3.9,3.6,2.77
2026-02-28,1,1,0.0,0.0,0.0
2026-02-28,2,2,0.0,0.0,0.0
2026-02-28,3,3,0.0,0.0,0.0
2026-02-28,4,4,0.0,0.0,0.0
2026-02-28,5,5,0.0,0.0,0.0
2026-02-28,6,1,0.0,0.0,0.0
2026-02-28,7,2,0.0,0.0,0.0
2026-02-28,8,3,0.0,0.0,0.0
2026-02-28,9,4,0.0,0.0,0.0
2026-03-01,1,1,0.0,0.0,0.0
2026-03-01,2,2,0.0,0.0,0.0
2026-03-01,3,3,0.0,0.0,0.0
2026-03-01,4,4,0.0,0.0,0.0
2026-03-01,5,5,0.0,0.0,0.0
2026-03-01,6,1,0.0,0.0,0.0
2026-03-01,7,2,0.0,0.0,0.0
2026-03-01,8,3,0.0,0.0,0.0
2026-03-01,9,4,0.0,0.0,0.0
2026-03-02,1,1,8.6,7.9,7.3
2026-03-02,2,2,8.4,6.7,6.22
2026-03-02,3,3,8.0,7.6,6.63
2026-03-02,4,4,7.6,6.2,4.97
2026-03-02,5,5,7.2,6.4,5.48
2026-03-02,6,1,8.0,6.7,6.03
2026-03-02,7,2,7.6,7.0,6.15
2026-03-02,8,3,6.0,4.5,3.44
2026-03-02,9,4,5.2,4.2,3.0
2026-03-03,1,1,8.6,6.9,6.36
2026-03-03,2,2,8.4,7.8,7.3
2026-03-03,3,3,8.0,6.8,5.74
2026-03-03,4,4,7.6,6.6,5.38
2026-03-03,5,5,7.2,6.6,5.38
2026-03-03,6,1,8.0,6.3,5.76
2026-03-03,7,2,7.6,7.3,6.42
2026-03-03,8,3,6.0,5.5,4.2
2026-03-03,9,4,5.2,4.5,2.94
2026-03-04,1,1,8.6,7.8,7.39
2026-03-04,2,2,8.4,7.2,6.36
2026-03-04,3,3,8.0,7.2,6.24
2026-03-04,4,4,7.6,6.2,5.55
2026-03-04,5,5,7.2,5.7,4.48
2026-03-04,6,1,8.0,6.8,5.85
2026-03-04,7,2,7.6,6.2,5.07
2026-03-04,8,3,6.0,5.2,3.8
2026-03-04,9,4,5.2,4.3,2.87
2026-03-05,1,1,8.6,7.0,6.46
2026-03-05,2,2,8.4,7.5,6.76
2026-03-05,3,3,8.0,6.2,5.48
2026-03-05,4,4,7.6,5.9,4.74
2026-03-05,5,5,7.2,5.7,4.68
2026-03-05,6,1,8.0,7.5,6.83
2026-03-05,7,2,7.6,6.2,5.53
2026-03-05,8,3,6.0,5.4,4.2
2026-03-05,9,4,5.2,4.8,3.46
2026-03-06,1,1,7.0,6.6,6.34
2026-03-06,2,2,6.8,5.8,5.41
2026-03-06,3,3,6.5,5.6,4.78
2026-03-06,4,4,6.2,5.9,5.04
2026-03-06,5,5,5.9,4.9,4.1
2026-03-06,6,1,6.5,6.1,5.57
2026-03-06,7,2,6.2,4.7,4.01
2026-03-06,8,3,4.9,4.2,3.02
2026-03-06,9,4,4.2,3.8,2.51
2026-03-07,1,1,0.0,0.0,0.0
2026-03-07,2,2,0.0,0.0,0.0
2026-03-07,3,3,0.0,0.0,0.0
2026-03-07,4,4,0.0,0.0,0.0
2026-03-07,5,5,0.0,0.0,0.0
2026-03-07,6,1,0.0,0.0,0.0
2026-03-07,7,2,0.0,0.0,0.0
2026-03-07,8,3,0.0,0.0,0.0
2026-03-07,9,4,0.0,0.0,0.0
2026-03-08,1,1,0.0,0.0,0.0
2026-03-08,2,2,0.0,0.0,0.0
2026-03-08,3,3,0.0,0.0,0.0
2026-03-08,4,4,0.0,0.0,0.0
2026-03-08,5,5,0.0,0.0,0.0
2026-03-08,6,1,0.0,0.0,0.0
2026-03-08,7,2,0.0,0.0,0.0
2026-03-08,8,3,0.0,0.0,0.0
2026-03-08,9,4,0.0,0.0,0.0
2026-03-09,1,1,8.6,8.1,7.75
2026-03-09,2,2,8.4,7.6,7.07
2026-03-09,3,3,8.0,6.7,5.88
2026-03-09,4,4,7.6,6.7,5.97
2026-03-09,5,5,7.2,6.0,5.06
2026-03-09,6,1,8.0,7.4,6.59
2026-03-09,7,2,7.6,6.7,5.58
2026-03-09,8,3,6.0,4.6,3.83
2026-03-09,9,4,5.2,4.5,3.31
2026-03-10,1,1,8.6,7.6,7.26
2026-03-10,2,2,8.4,8.1,7.21
2026-03-10,3,3,8.0,7.5,6.76
2026-03-10,4,4,7.6,6.6,5.68
2026-03-10,5,5,7.2,6.8,5.78
2026-03-10,6,1,8.0,7.2,6.1
2026-03-10,7,2,7.6,6.0,5.14
2026-03-10,8,3,6.0,5.3,3.85
2026-03-10,9,4,5.2,4.3,3.15
2026-03-11,1,1,8.6,7.1,6.84
2026-03-11,2,2,8.4,8.2,7.41
2026-03-11,3,3,8.0,6.0,5.53
2026-03-11,4,4,7.6,5.9,4.91
2026-03-11,5,5,7.2,6.3,4.77
2026-03-11,6,1,8.0,7.5,6.6
2026-03-11,7,2,7.6,7.2,6.05
2026-03-11,8,3,6.0,5.0,3.76
2026-03-11,9,4,5.2,4.4,3.19
2026-03-12,1,1,8.6,7.4,6.78
2026-03-12,2,2,8.4,8.1,7.59
2026-03-12,3,3,8.0,7.8,7.0
2026-03-12,4,4,7.6,5.8,4.67
2026-03-12,5,5,7.2,6.2,4.98
2026-03-12,6,1,8.0,6.2,5.55
2026-03-12,7,2,7.6,6.5,5.74
2026-03-12,8,3,6.0,5.1,3.69
2026-03-12,9,4,5.2,4.6,3.27
2026-03-13,1,1,7.0,5.6,5.24
2026-03-13,2,2,6.8,6.4,5.78
2026-03-13,3,3,6.5,5.5,4.85
2026-03-13,4,4,6.2,6.0,5.16
2026-03-13,5,5,5.9,4.5,3.67
2026-03-13,6,1,6.5,5.1,4.62
2026-03-13,7,2,6.2,6.0,5.32
2026-03-13,8,3,4.9,3.7,3.09
2026-03-13,9,4,4.2,3.6,2.76
2026-03-14,1,1,0.0,0.0,0.0
2026-03-14,2,2,0.0,0.0,0.0
2026-03-14,3,3,0.0,0.0,0.0
2026-03-14,4,4,0.0,0.0,0.0
2026-03-14,5,5,0.0,0.0,0.0
2026-03-14,6,1,0.0,0.0,0.0
2026-03-14,7,2,0.0,0.0,0.0
2026-03-14,8,3,0.0,0.0,0.0
2026-03-14,9,4,0.0,0.0,0.0
2026-03-15,1,1,0.0,0.0,0.0
2026-03-15,2,2,0.0,0.0,0.0
2026-03-15,3,3,0.0,0.0,0.0
2026-03-15,4,4,0.0,0.0,0.0
2026-03-15,5,5,0.0,0.0,0.0
2026-03-15,6,1,0.0,0.0,0.0
2026-03-15,7,2,0.0,0.0,0.0
2026-03-15,8,3,0.0,0.0,0.0
2026-03-15,9,4,0.0,0.0,0.0
2026-03-16,1,1,8.6,6.6,6.27
2026-03-16,2,2,8.4,6.9,6.1
2026-03-16,3,3,8.0,7.4,6.52
2026-03-16,4,4,7.6,6.5,5.69
2026-03-16,5,5,7.2,7.0,5.91
2026-03-16,6,1,8.0,6.1,5.6
2026-03-16,7,2,7.6,7.0,6.03
2026-03-16,8,3,6.0,5.2,3.73
2026-03-16,9,4,5.2,5.1,3.92
2026-03-17,1,1,8.6,7.0,6.39
2026-03-17,2,2,8.4,7.9,7.15
2026-03-17,3,3,8.0,6.5,5.92
2026-03-17,4,4,3.8,2.9,2.41
2026-03-17,5,5,7.2,5.7,4.54
2026-03-17,6,1,8.0,6.5,5.87
2026-03-17,7,2,7.6,7.1,6.31
2026-03-17,8,3,6.0,4.6,3.33
2026-03-17,9,4,5.2,4.1,2.96
2026-03-18,1,1,8.6,8.0,7.34
2026-03-18,2,2,8.4,7.5,6.74
2026-03-18,3,3,8.0,6.6,5.91
2026-03-18,4,4,7.6,5.9,4.82
2026-03-18,5,5,7.2,5.9,4.95
2026-03-18,6,1,8.0,7.0,6.14
2026-03-18,7,2,7.6,6.5,5.43
2026-03-18,8,3,6.0,4.5,3.75
2026-03-18,9,4,5.2,4.7,3.74
2026-03-19,1,1,8.6,6.6,6.33
2026-03-19,2,2,8.4,8.1,7.42
2026-03-19,3,3,8.0,7.6,6.57
2026-03-19,4,4,7.6,5.9,5.08
2026-03-19,5,5,7.2,6.7,5.61
2026-03-19,6,1,8.0,7.1,6.13
2026-03-19,7,2,7.6,6.9,5.76
2026-03-19,8,3,6.0,5.4,4.43
2026-03-19,9,4,2.6,2.0,1.34
2026-03-20,1,1,7.0,5.6,5.17
2026-03-20,2,2,6.8,5.2,4.57
2026-03-20,3,3,6.5,5.9,5.31
2026-03-20,4,4,6.2,5.5,4.82
2026-03-20,5,5,5.9,5.5,4.24
2026-03-20,6,1,6.5,6.2,5.57
2026-03-20,7,2,6.2,5.9,5.17
2026-03-20,8,3,4.9,4.2,3.47
2026-03-20,9,4,4.2,4.1,2.81
2026-03-21,1,1,0.0,0.0,0.0
2026-03-21,2,2,0.0,0.0,0.0
2026-03-21,3,3,0.0,0.0,0.0
2026-03-21,4,4,0.0,0.0,0.0
2026-03-21,5,5,0.0,0.0,0.0
2026-03-21,6,1,0.0,0.0,0.0
2026-03-21,7,2,0.0,0.0,0.0
2026-03-21,8,3,0.0,0.0,0.0
2026-03-21,9,4,0.0,0.0,0.0
2026-03-22,1,1,0.0,0.0,0.0
2026-03-22,2,2,0.0,0.0,0.0
2026-03-22,3,3,0.0,0.0,0.0
2026-03-22,4,4,0.0,0.0,0.0
2026-03-22,5,5,0.0,0.0,0.0
2026-03-22,6,1,0.0,0.0,0.0
2026-03-22,7,2,0.0,0.0,0.0
2026-03-22,8,3,0.0,0.0,0.0
2026-03-22,9,4,0.0,0.0,0.0
2026-03-23,1,1,8.6,8.3,7.89
2026-03-23,2,2,8.4,6.6,5.85
2026-03-23,3,3,8.0,6.7,5.81
2026-03-23,4,4,7.6,7.4,6.09
2026-03-23,5,5,7.2,6.2,5.35
2026-03-23,6,1,8.0,6.3,5.63
2026-03-23,7,2,7.6,7.0,5.9
2026-03-23,8,3,6.0,5.8,4.61
2026-03-23,9,4,5.2,4.0,2.93
2026-03-24,1,1,8.6,7.4,7.09
2026-03-24,2,2,8.4,7.5,7.12
2026-03-24,3,3,8.0,6.5,5.82
2026-03-24,4,4,7.6,6.7,5.71
2026-03-24,5,5,7.2,6.2,4.98
2026-03-24,6,1,8.0,7.4,6.79
2026-03-24,7,2,7.6,5.7,5.11
2026-03-24,8,3,6.0,5.2,4.03
2026-03-24,9,4,5.2,4.3,3.26
2026-03-25,1,1,8.6,7.7,7.48
2026-03-25,2,2,8.4,7.3,6.95
2026-03-25,3,3,8.0,6.8,6.17
2026-03-25,4,4,7.6,6.0,4.83
2026-03-25,5,5,7.2,5.7,4.76
2026-03-25,6,1,8.0,7.2,6.29
2026-03-25,7,2,7.6,6.8,5.98
2026-03-25,8,3,6.0,4.8,3.82
2026-03-25,9,4,5.2,4.5,2.96
2026-03-26,1,1,8.6,7.1,6.65
2026-03-26,2,2,8.4,7.2,6.81
2026-03-26,3,3,8.0,6.1,5.51
2026-03-26,4,4,7.6,5.9,5.2
2026-03-26,5,5,7.2,6.2,5.12
2026-03-26,6,1,8.0,6.3,5.62
2026-03-26,7,2,7.6,5.8,4.79
2026-03-26,8,3,6.0,5.2,4.27
2026-03-26,9,4,5.2,4.7,3.17
2026-03-27,1,1,7.0,5.3,4.93
2026-03-27,2,2,6.8,5.8,5.2
2026-03-27,3,3,6.5,6.1,5.17
2026-03-27,4,4,6.2,5.8,4.74
2026-03-27,5,5,5.9,5.0,4.2
2026-03-27,6,1,6.5,5.9,5.16
2026-03-27,7,2,6.2,5.4,4.53
2026-03-27,8,3,4.9,4.5,3.67
2026-03-27,9,4,4.2,3.5,2.33
2026-03-28,1,1,0.0,0.0,0.0
2026-03-28,2,2,0.0,0.0,0.0
2026-03-28,3,3,0.0,0.0,0.0
2026-03-28,4,4,0.0,0.0,0.0
2026-03-28,5,5,0.0,0.0,0.0
2026-03-28,6,1,0.0,0.0,0.0
2026-03-28,7,2,0.0,0.0,0.0
2026-03-28,8,3,0.0,0.0,0.0
2026-03-28,9,4,0.0,0.0,0.0
2026-03-29,1,1,0.0,0.0,0.0
2026-03-29,2,2,0.0,0.0,0.0
2026-03-29,3,3,0.0,0.0,0.0
2026-03-29,4,4,0.0,0.0,0.0
2026-03-29,5,5,0.0,0.0,0.0
2026-03-29,6,1,0.0,0.0,0.0
2026-03-29,7,2,0.0,0.0,0.0
2026-03-29,8,3,0.0,0.0,0.0
2026-03-29,9,4,0.0,0.0,0.0
2026-03-30,1,1,8.6,7.3,6.93
2026-03-30,2,2,8.4,7.1,6.75
2026-03-30,3,3,8.0,6.2,5.61
2026-03-30,4,4,7.6,7.1,5.66
2026-03-30,5,5,7.2,5.4,4.17
2026-03-30,6,1,8.0,7.2,6.63
2026-03-30,7,2,7.6,7.1,6.27
2026-03-30,8,3,6.0,4.8,3.78
2026-03-30,9,4,5.2,4.4,3.47
2026-03-31,1,1,8.6,6.6,5.98
2026-03-31,2,2,8.4,8.1,7.52
2026-03-31,3,3,8.0,6.6,5.58
2026-03-31,4,4,7.6,5.9,5.04
2026-03-31,5,5,7.2,6.0,5.05
2026-03-31,6,1,8.0,6.4,5.84
2026-03-31,7,2,7.6,6.2,5.17
2026-03-31,8,3,6.0,5.4,4.55
2026-03-31,9,4,5.2,4.1,3.09
2026-04-01,1,1,8.6,7.8,7.14
2026-04-01,2,2,8.4,6.9,6.5
2026-04-01,3,3,8.0,6.1,5.47
2026-04-01,4,4,7.6,6.0,5.28
2026-04-01,5,5,7.2,5.6,4.79
2026-04-01,6,1,8.0,7.1,6.21
2026-04-01,7,2,7.6,6.9,5.82
2026-04-01,8,3,6.0,5.0,3.53
2026-04-01,9,4,5.2,4.9,3.49
2026-04-02,1,1,8.6,7.4,6.93
2026-04-02,2,2,8.4,6.6,6.22
2026-04-02,3,3,8.0,6.7,5.71
2026-04-02,4,4,7.6,6.8,6.11
2026-04-02,5,5,7.2,5.6,4.67
2026-04-02,6,1,8.0,6.3,5.74
2026-04-02,7,2,7.6,6.0,5.08
2026-04-02,8,3,6.0,5.3,4.32
2026-04-02,9,4,5.2,4.6,3.13
2026-04-03,1,1,7.0,6.6,6.02
2026-04-03,2,2,6.8,5.9,5.59
2026-04-03,3,3,6.5,6.1,5.28
2026-04-03,4,4,6.2,5.7,4.68
2026-04-03,5,5,5.9,5.2,4.43
2026-04-03,6,1,6.5,5.1,4.57
2026-04-03,7,2,3.1,3.0,2.48
2026-04-03,8,3,4.9,4.5,3.18
2026-04-03,9,4,4.2,3.6,2.8
2026-04-04,1,1,0.0,0.0,0.0
2026-04-04,2,2,0.0,0.0,0.0
2026-04-04,3,3,0.0,0.0,0.0
2026-04-04,4,4,0.0,0.0,0.0
2026-04-04,5,5,0.0,0.0,0.0
2026-04-04,6,1,0.0,0.0,0.0
2026-04-04,7,2,0.0,0.0,0.0
2026-04-04,8,3,0.0,0.0,0.0
2026-04-04,9,4,0.0,0.0,0.0
2026-04-05,1,1,0.0,0.0,0.0
2026-04-05,2,2,0.0,0.0,0.0
2026-04-05,3,3,0.0,0.0,0.0
2026-04-05,4,4,0.0,0.0,0.0
2026-04-05,5,5,0.0,0.0,0.0
2026-04-05,6,1,0.0,0.0,0.0
2026-04-05,7,2,0.0,0.0,0.0
2026-04-05,8,3,0.0,0.0,0.0
2026-04-05,9,4,0.0,0.0,0.0
2026-04-06,1,1,8.6,7.4,6.77
2026-04-06,2,2,8.4,6.3,5.89
2026-04-06,3,3,8.0,6.2,5.39
2026-04-06,4,4,7.6,5.9,4.97
2026-04-06,5,5,7.2,6.6,5.6
2026-04-06,6,1,8.0,6.0,5.36
2026-04-06,7,2,7.6,7.2,6.16
2026-04-06,8,3,6.0,5.0,3.83
2026-04-06,9,4,5.2,4.9,3.26
2026-04-07,1,1,8.6,7.1,6.44
2026-04-07,2,2,8.4,6.8,6.45
2026-04-07,3,3,8.0,7.5,6.74
2026-04-07,4,4,7.6,7.2,6.32
2026-04-07,5,5,7.2,7.0,5.79
2026-04-07,6,1,8.0,6.2,5.46
2026-04-07,7,2,7.6,6.3,5.29
2026-04-07,8,3,6.0,4.6,3.67
2026-04-07,9,4,5.2,5.1,3.48
2026-04-08,1,1,8.6,7.4,7.18
2026-04-08,2,2,8.4,8.2,7.29
2026-04-08,3,3,8.0,6.4,5.57
2026-04-08,4,4,7.6,6.9,5.7
2026-04-08,5,5,7.2,6.0,4.83
2026-04-08,6,1,8.0,6.2,5.65
2026-04-08,7,2,7.6,6.6,5.59
2026-04-08,8,3,6.0,5.6,4.66
2026-04-08,9,4,5.2,5.0,3.32
2026-04-09,1,1,8.6,7.4,6.69
2026-04-09,2,2,8.4,6.9,6.49
2026-04-09,3,3,8.0,6.5,5.83
2026-04-09,4,4,7.6,7.2,6.16
2026-04-09,5,5,7.2,5.9,5.1
2026-04-09,6,1,8.0,6.2,5.48
2026-04-09,7,2,7.6,6.8,5.76
2026-04-09,8,3,6.0,5.7,4.18
2026-04-09,9,4,5.2,4.7,3.32
2026-04-10,1,1,7.0,6.3,5.82
2026-04-10,2,2,6.8,6.2,5.83
2026-04-10,3,3,6.5,5.3,4.53
2026-04-10,4,4,6.2,4.9,4.03
2026-04-10,5,5,5.9,5.7,4.8
2026-04-10,6,1,6.5,5.4,4.79
2026-04-10,7,2,6.2,5.9,5.21
2026-04-10,8,3,4.9,4.7,3.88
2026-04-10,9,4,4.2,3.8,2.57
2026-04-11,1,1,0.0,0.0,0.0
2026-04-11,2,2,0.0,0.0,0.0
2026-04-11,3,3,0.0,0.0,0.0
2026-04-11,4,4,0.0,0.0,0.0
2026-04-11,5,5,0.0,0.0,0.0
2026-04-11,6,1,0.0,0.0,0.0
2026-04-11,7,2,0.0,0.0,0.0
2026-04-11,8,3,0.0,0.0,0.0
2026-04-11,9,4,0.0,0.0,0.0
2026-04-12,1,1,0.0,0.0,0.0
2026-04-12,2,2,0.0,0.0,0.0
2026-04-12,3,3,0.0,0.0,0.0
2026-04-12,4,4,0.0,0.0,0.0
2026-04-12,5,5,0.0,0.0,0.0
2026-04-12,6,1,0.0,0.0,0.0
2026-04-12,7,2,0.0,0.0,0.0
2026-04-12,8,3,0.0,0.0,0.0
2026-04-12,9,4,0.0,0.0,0.0
2026-04-13,1,1,8.6,6.6,6.05
2026-04-13,2,2,8.4,6.8,6.07
2026-04-13,3,3,8.0,6.1,5.25
2026-04-13,4,4,7.6,6.4,5.42
2026-04-13,5,5,7.2,5.9,5.08
2026-04-13,6,1,8.0,6.9,5.96
2026-04-13,7,2,7.6,6.3,5.14
2026-04-13,8,3,6.0,5.8,4.36
2026-04-13,9,4,5.2,4.5,3.1
2026-04-14,1,1,8.6,8.4,7.92
2026-04-14,2,2,8.4,7.4,6.97
2026-04-14,3,3,8.0,7.3,6.53
2026-04-14,4,4,7.6,5.9,5.08
2026-04-14,5,5,7.2,6.1,5.16
2026-04-14,6,1,8.0,6.2,5.27
2026-04-14,7,2,7.6,6.7,5.63
2026-04-14,8,3,6.0,4.9,3.43
2026-04-14,9,4,5.2,4.4,3.33
2026-04-15,1,1,8.6,7.5,6.85
2026-04-15,2,2,8.4,7.5,7.07
2026-04-15,3,3,8.0,6.7,5.68
2026-04-15,4,4,7.6,6.3,5.31
2026-04-15,5,5,7.2,6.0,5.19
2026-04-15,6,1,8.0,6.2,5.6
2026-04-15,7,2,7.6,7.4,6.57
2026-04-15,8,3,6.0,5.6,4.69
2026-04-15,9,4,5.2,5.0,3.34
2026-04-16,1,1,8.6,6.7,6.08
2026-04-16,2,2,8.4,8.0,7.57
2026-04-16,3,3,8.0,7.8,6.99
2026-04-16,4,4,7.6,6.4,5.72
2026-04-16,5,5,7.2,6.3,5.28
2026-04-16,6,1,8.0,6.3,5.41
2026-04-16,7,2,7.6,6.7,5.49
2026-04-16,8,3,6.0,5.7,4.2
2026-04-16,9,4,5.2,4.5,2.91
2026-04-17,1,1,3.5,2.8,2.75
2026-04-17,2,2,6.8,5.9,5.43
2026-04-17,3,3,6.5,5.5,4.84
2026-04-17,4,4,6.2,5.0,4.04
2026-04-17,5,5,5.9,5.7,4.34
2026-04-17,6,1,6.5,5.7,5.14
2026-04-17,7,2,6.2,5.5,4.74
2026-04-17,8,3,4.9,3.8,2.93
2026-04-17,9,4,4.2,4.0,2.69
2026-04-18,1,1,0.0,0.0,0.0
2026-04-18,2,2,0.0,0.0,0.0
2026-04-18,3,3,0.0,0.0,0.0
2026-04-18,4,4,0.0,0.0,0.0
2026-04-18,5,5,0.0,0.0,0.0
2026-04-18,6,1,0.0,0.0,0.0
2026-04-18,7,2,0.0,0.0,0.0
2026-04-18,8,3,0.0,0.0,0.0
2026-04-18,9,4,0.0,0.0,0.0
2026-04-19,1,1,0.0,0.0,0.0
2026-04-19,2,2,0.0,0.0,0.0
2026-04-19,3,3,0.0,0.0,0.0
2026-04-19,4,4,0.0,0.0,0.0
2026-04-19,5,5,0.0,0.0,0.0
2026-04-19,6,1,0.0,0.0,0.0
2026-04-19,7,2,0.0,0.0,0.0
2026-04-19,8,3,0.0,0.0,0.0
2026-04-19,9,4,0.0,0.0,0.0
2026-04-20,1,1,8.6,7.1,6.84
2026-04-20,2,2,8.4,6.6,5.95
2026-04-20,3,3,8.0,7.7,6.67
2026-04-20,4,4,7.6,6.6,5.92
2026-04-20,5,5,7.2,6.7,5.15
2026-04-20,6,1,8.0,7.4,6.6
2026-04-20,7,2,7.6,7.1,6.25
2026-04-20,8,3,6.0,5.4,4.34
2026-04-20,9,4,5.2,4.6,3.55
2026-04-21,1,1,4.3,3.8,3.48
2026-04-21,2,2,8.4,7.0,6.57
2026-04-21,3,3,8.0,6.3,5.39
2026-04-21,4,4,7.6,7.3,6.26
2026-04-21,5,5,7.2,6.3,5.1
2026-04-21,6,1,8.0,7.4,6.35
2026-04-21,7,2,7.6,5.8,5.17
2026-04-21,8,3,6.0,5.2,3.84
2026-04-21,9,4,5.2,4.9,3.82
2026-04-22,1,1,8.6,8.0,7.39
2026-04-22,2,2,8.4,6.4,5.96
2026-04-22,3,3,8.0,7.6,6.45
2026-04-22,4,4,7.6,5.9,4.81
2026-04-22,5,5,7.2,6.5,5.52
2026-04-22,6,1,8.0,7.4,6.76
2026-04-22,7,2,7.6,5.9,5.2
2026-04-22,8,3,6.0,4.6,3.28
2026-04-22,9,4,5.2,4.0,2.98
2026-04-23,1,1,8.6,8.0,7.75
2026-04-23,2,2,8.4,8.0,7.18
2026-04-23,3,3,8.0,6.2,5.6
2026-04-23,4,4,7.6,7.4,6.14
2026-04-23,5,5,7.2,6.2,5.22
2026-04-23,6,1,8.0,7.0,6.05
2026-04-23,7,2,7.6,5.7,4.79
2026-04-23,8,3,6.0,4.9,4.04
2026-04-23,9,4,5.2,5.1,3.37
2026-04-24,1,1,7.0,6.1,5.77
2026-04-24,2,2,6.8,6.0,5.5
2026-04-24,3,3,6.5,5.1,4.47
2026-04-24,4,4,6.2,4.9,4.06
2026-04-24,5,5,5.9,5.7,4.37
2026-04-24,6,1,6.5,5.1,4.63
2026-04-24,7,2,6.2,5.4,4.46
2026-04-24,8,3,4.9,3.8,2.8
2026-04-24,9,4,4.2,3.5,2.77
2026-04-25,1,1,0.0,0.0,0.0
2026-04-25,2,2,0.0,0.0,0.0
2026-04-25,3,3,0.0,0.0,0.0
2026-04-25,4,4,0.0,0.0,0.0
2026-04-25,5,5,0.0,0.0,0.0
2026-04-25,6,1,0.0,0.0,0.0
2026-04-25,7,2,0.0,0.0,0.0
2026-04-25,8,3,0.0,0.0,0.0
2026-04-25,9,4,0.0,0.0,0.0
2026-04-26,1,1,0.0,0.0,0.0
2026-04-26,2,2,0.0,0.0,0.0
2026-04-26,3,3,0.0,0.0,0.0
2026-04-26,4,4,0.0,0.0,0.0
2026-04-26,5,5,0.0,0.0,0.0
2026-04-26,6,1,0.0,0.0,0.0
2026-04-26,7,2,0.0,0.0,0.0
2026-04-26,8,3,0.0,0.0,0.0
2026-04-26,9,4,0.0,0.0,0.0
2026-04-27,1,1,8.6,7.6,6.98
2026-04-27,2,2,8.4,6.7,5.9
2026-04-27,3,3,8.0,6.9,6.15
2026-04-27,4,4,7.6,7.4,6.32
2026-04-27,5,5,7.2,6.1,5.08
2026-04-27,6,1,8.0,6.3,5.52
2026-04-27,7,2,7.6,5.9,5.25
2026-04-27,8,3,6.0,4.6,3.84
2026-04-27,9,4,5.2,4.6,3.68
2026-04-28,1,1,8.6,8.1,7.74
2026-04-28,2,2,8.4,7.7,7.07
2026-04-28,3,3,8.0,7.5,6.64
2026-04-28,4,4,7.6,6.5,5.62
2026-04-28,5,5,7.2,6.2,4.86
2026-04-28,6,1,8.0,6.2,5.39
2026-04-28,7,2,7.6,6.8,5.65
2026-04-28,8,3,6.0,4.6,3.24
2026-04-28,9,4,5.2,5.1,3.58
2026-04-29,1,1,8.6,6.8,6.4
2026-04-29,2,2,8.4,6.4,6.01
2026-04-29,3,3,8.0,7.5,6.39
2026-04-29,4,4,7.6,6.6,5.42
2026-04-29,5,5,7.2,6.8,5.57
2026-04-29,6,1,8.0,6.1,5.36
2026-04-29,7,2,7.6,6.4,5.38
2026-04-29,8,3,6.0,5.1,3.62
2026-04-29,9,4,5.2,4.9,3.43
2026-04-30,1,1,8.6,7.5,6.78
2026-04-30,2,2,8.4,7.2,6.43
2026-04-30,3,3,8.0,7.2,6.46
2026-04-30,4,4,7.6,6.5,5.78
2026-04-30,5,5,7.2,6.0,4.9
2026-04-30,6,1,8.0,7.1,6.27
2026-04-30,7,2,7.6,6.3,5.15
2026-04-30,8,3,6.0,5.7,4.23
2026-04-30,9,4,5.2,3.9,3.08
2026-05-01,1,1,7.0,5.4,5.01
2026-05-01,2,2,6.8,5.7,5.25
2026-05-01,3,3,6.5,5.8,5.19
2026-05-01,4,4,6.2,4.7,3.92
2026-05-01,5,5,5.9,4.4,3.48
2026-05-01,6,1,6.5,6.2,5.52
2026-05-01,7,2,6.2,5.0,4.39
2026-05-01,8,3,4.9,4.8,3.58
2026-05-01,9,4,4.2,3.7,2.87
2026-05-02,1,1,0.0,0.0,0.0
2026-05-02,2,2,0.0,0.0,0.0
2026-05-02,3,3,0.0,0.0,0.0
2026-05-02,4,4,0.0,0.0,0.0
2026-05-02,5,5,0.0,0.0,0.0
2026-05-02,6,1,0.0,0.0,0.0
2026-05-02,7,2,0.0,0.0,0.0
2026-05-02,8,3,0.0,0.0,0.0
2026-05-02,9,4,0.0,0.0,0.0
2026-05-03,1,1,0.0,0.0,0.0
2026-05-03,2,2,0.0,0.0,0.0
2026-05-03,3,3,0.0,0.0,0.0
2026-05-03,4,4,0.0,0.0,0.0
2026-05-03,5,5,0.0,0.0,0.0
2026-05-03,6,1,0.0,0.0,0.0
2026-05-03,7,2,0.0,0.0,0.0
2026-05-03,8,3,0.0,0.0,0.0
2026-05-03,9,4,0.0,0.0,0.0
2026-05-04,1,1,8.6,7.8,7.22
2026-05-04,2,2,8.4,7.8,7.03
2026-05-04,3,3,8.0,6.7,5.83
2026-05-04,4,4,7.6,7.2,6.31
2026-05-04,5,5,7.2,6.3,4.93
2026-05-04,6,1,8.0,7.8,6.91
2026-05-04,7,2,7.6,7.0,5.79
2026-05-04,8,3,6.0,4.6,3.46
2026-05-04,9,4,5.2,4.9,3.5
2026-05-05,1,1,8.6,8.1,7.62
2026-05-05,2,2,8.4,7.9,7.15
2026-05-05,3,3,8.0,6.4,5.55
2026-05-05,4,4,7.6,6.5,5.69
2026-05-05,5,5,7.2,5.4,4.53
2026-05-05,6,1,8.0,7.1,6.12
2026-05-05,7,2,7.6,7.0,6.0
2026-05-05,8,3,6.0,5.2,4.11
2026-05-05,9,4,5.2,4.4,3.25
2026-05-06,1,1,8.6,7.5,6.96
2026-05-06,2,2,8.4,6.6,6.12
2026-05-06,3,3,8.0,6.8,5.89
2026-05-06,4,4,7.6,5.8,4.77
2026-05-06,5,5,7.2,6.8,5.6
2026-05-06,6,1,8.0,7.1,6.27
2026-05-06,7,2,7.6,6.0,5.07
2026-05-06,8,3,6.0,5.1,4.0
2026-05-06,9,4,5.2,4.7,3.06
2026-05-07,1,1,8.6,6.8,6.2
2026-05-07,2,2,8.4,7.6,6.76
2026-05-07,3,3,8.0,7.8,6.83
2026-05-07,4,4,7.6,7.2,5.82
2026-05-07,5,5,7.2,6.8,5.87
2026-05-07,6,1,8.0,6.7,6.02
2026-05-07,7,2,7.6,7.3,6.45
2026-05-07,8,3,6.0,4.7,3.74
2026-05-07,9,4,5.2,4.5,3.5
2026-05-08,1,1,7.0,6.8,6.21
2026-05-08,2,2,6.8,5.5,4.88
2026-05-08,3,3,6.5,5.4,4.76
2026-05-08,4,4,6.2,5.7,4.69
2026-05-08,5,5,5.9,4.6,3.53
2026-05-08,6,1,6.5,5.5,4.81
2026-05-08,7,2,6.2,5.3,4.53
2026-05-08,8,3,4.9,4.0,3.05
2026-05-08,9,4,4.2,4.1,3.21
2026-05-09,1,1,0.0,0.0,0.0
2026-05-09,2,2,0.0,0.0,0.0
2026-05-09,3,3,0.0,0.0,0.0
2026-05-09,4,4,0.0,0.0,0.0
2026-05-09,5,5,0.0,0.0,0.0
2026-05-09,6,1,0.0,0.0,0.0
2026-05-09,7,2,0.0,0.0,0.0
2026-05-09,8,3,0.0,0.0,0.0
2026-05-09,9,4,0.0,0.0,0.0
2026-05-10,1,1,0.0,0.0,0.0
2026-05-10,2,2,0.0,0.0,0.0
2026-05-10,3,3,0.0,0.0,0.0
2026-05-10,4,4,0.0,0.0,0.0
2026-05-10,5,5,0.0,0.0,0.0
2026-05-10,6,1,0.0,0.0,0.0
2026-05-10,7,2,0.0,0.0,0.0
2026-05-10,8,3,0.0,0.0,0.0
2026-05-10,9,4,0.0,0.0,0.0
2026-05-11,1,1,8.6,7.2,6.84
2026-05-11,2,2,8.4,6.3,6.01
2026-05-11,3,3,8.0,7.5,6.74
2026-05-11,4,4,7.6,6.9,6.07
2026-05-11,5,5,7.2,6.3,4.97
2026-05-11,6,1,8.0,6.7,6.1
2026-05-11,7,2,7.6,7.2,6.41
2026-05-11,8,3,6.0,5.8,4.35
2026-05-11,9,4,5.2,4.2,2.79
2026-05-12,1,1,8.6,6.9,6.36
2026-05-12,2,2,8.4,8.1,7.46
2026-05-12,3,3,8.0,7.4,6.47
2026-05-12,4,4,7.6,7.2,6.37
2026-05-12,5,5,7.2,6.2,4.94
2026-05-12,6,1,8.0,7.3,6.74
2026-05-12,7,2,7.6,7.1,6.25
2026-05-12,8,3,6.0,5.0,3.91
2026-05-12,9,4,5.2,4.8,3.43
2026-05-13,1,1,8.6,6.6,6.22
2026-05-13,2,2,8.4,7.8,6.96
2026-05-13,3,3,8.0,7.2,6.19
2026-05-13,4,4,7.6,6.0,5.09
2026-05-13,5,5,7.2,6.8,5.7
2026-05-13,6,1,8.0,7.3,6.63
2026-05-13,7,2,7.6,6.5,5.74
2026-05-13,8,3,6.0,5.4,4.44
2026-05-13,9,4,5.2,4.1,2.95
2026-05-14,1,1,8.6,8.2,7.94
2026-05-14,2,2,8.4,6.7,6.37
2026-05-14,3,3,8.0,7.2,6.4
2026-05-14,4,4,7.6,7.4,6.07
2026-05-14,5,5,7.2,5.7,4.53
2026-05-14,6,1,8.0,6.5,5.55
2026-05-14,7,2,7.6,7.4,6.1
2026-05-14,8,3,6.0,5.1,4.23
2026-05-14,9,4,5.2,4.7,3.14
2026-05-15,1,1,7.0,5.6,5.35
2026-05-15,2,2,6.8,5.6,5.09
2026-05-15,3,3,6.5,6.2,5.47
2026-05-15,4,4,6.2,5.0,4.37
2026-05-15,5,5,5.9,4.9,3.79
2026-05-15,6,1,6.5,5.3,4.74
2026-05-15,7,2,6.2,5.2,4.51
2026-05-15,8,3,4.9,3.7,2.64
2026-05-15,9,4,4.2,3.8,2.89
2026-05-16,1,1,0.0,0.0,0.0
2026-05-16,2,2,0.0,0.0,0.0
2026-05-16,3,3,0.0,0.0,0.0
2026-05-16,4,4,0.0,0.0,0.0
2026-05-16,5,5,0.0,0.0,0.0
2026-05-16,6,1,0.0,0.0,0.0
2026-05-16,7,2,0.0,0.0,0.0
2026-05-16,8,3,0.0,0.0,0.0
2026-05-16,9,4,0.0,0.0,0.0
2026-05-17,1,1,0.0,0.0,0.0
2026-05-17,2,2,0.0,0.0,0.0
2026-05-17,3,3,0.0,0.0,0.0
2026-05-17,4,4,0.0,0.0,0.0
2026-05-17,5,5,0.0,0.0,0.0
2026-05-17,6,1,0.0,0.0,0.0
2026-05-17,7,2,0.0,0.0,0.0
2026-05-17,8,3,0.0,0.0,0.0
2026-05-17,9,4,0.0,0.0,0.0
2026-05-18,1,1,8.6,7.9,7.51
2026-05-18,2,2,8.4,6.5,5.73
2026-05-18,3,3,8.0,6.4,5.87
2026-05-18,4,4,7.6,7.3,6.58
2026-05-18,5,5,7.2,6.6,5.02
2026-05-18,6,1,8.0,7.1,6.24
2026-05-18,7,2,7.6,6.3,5.7
2026-05-18,8,3,6.0,5.3,3.9
2026-05-18,9,4,5.2,5.0,3.92
2026-05-19,1,1,8.6,7.1,6.66
2026-05-19,2,2,8.4,6.5,5.76
2026-05-19,3,3,8.0,7.6,6.9
2026-05-19,4,4,7.6,7.3,6.06
2026-05-19,5,5,7.2,6.4,5.4
2026-05-19,6,1,8.0,6.6,6.06
2026-05-19,7,2,7.6,7.4,6.55
2026-05-19,8,3,6.0,5.7,4.5
2026-05-19,9,4,5.2,4.0,2.66
2026-05-20,1,1,8.6,6.6,6.02
2026-05-20,2,2,8.4,7.1,6.78
2026-05-20,3,3,8.0,6.1,5.28
2026-05-20,4,4,7.6,6.5,5.56
2026-05-20,5,5,7.2,6.8,5.23
2026-05-20,6,1,8.0,7.6,6.57
2026-05-20,7,2,7.6,6.6,5.55
2026-05-20,8,3,6.0,5.3,4.15
2026-05-20,9,4,5.2,4.5,3.33
2026-05-21,1,1,8.6,6.6,6.33
2026-05-21,2,2,8.4,8.0,7.07
2026-05-21,3,3,8.0,7.3,6.32
2026-05-21,4,4,7.6,7.4,6.51
2026-05-21,5,5,7.2,5.5,4.7
2026-05-21,6,1,8.0,6.8,6.33
2026-05-21,7,2,7.6,5.7,5.13
2026-05-21,8,3,6.0,5.8,4.33
2026-05-21,9,4,5.2,4.8,3.79
2026-05-22,1,1,7.0,5.6,5.06
2026-05-22,2,2,6.8,5.6,4.97
2026-05-22,3,3,6.5,6.3,5.48
2026-05-22,4,4,6.2,4.9,4.38
2026-05-22,5,5,5.9,4.5,3.84
2026-05-22,6,1,6.5,6.0,5.27
2026-05-22,7,2,6.2,5.6,4.61
2026-05-22,8,3,4.9,4.1,3.37
2026-05-22,9,4,4.2,3.8,2.57
2026-05-23,1,1,0.0,0.0,0.0
2026-05-23,2,2,0.0,0.0,0.0
2026-05-23,3,3,0.0,0.0,0.0
2026-05-23,4,4,0.0,0.0,0.0
2026-05-23,5,5,0.0,0.0,0.0
2026-05-23,6,1,0.0,0.0,0.0
2026-05-23,7,2,0.0,0.0,0.0
2026-05-23,8,3,0.0,0.0,0.0
2026-05-23,9,4,0.0,0.0,0.0
2026-05-24,1,1,0.0,0.0,0.0
2026-05-24,2,2,0.0,0.0,0.0
2026-05-24,3,3,0.0,0.0,0.0
2026-05-24,4,4,0.0,0.0,0.0
2026-05-24,5,5,0.0,0.0,0.0
2026-05-24,6,1,0.0,0.0,0.0
2026-05-24,7,2,0.0,0.0,0.0
2026-05-24,8,3,0.0,0.0,0.0
2026-05-24,9,4,0.0,0.0,0.0
2026-05-25,1,1,2.2,2.0,1.9
2026-05-25,2,2,2.1,2.0,1.83
2026-05-25,3,3,2.0,1.7,1.53
2026-05-25,4,4,1.9,1.7,1.43
2026-05-25,5,5,1.8,1.4,1.08
2026-05-25,6,1,2.0,1.6,1.45
2026-05-25,7,2,1.9,1.6,1.43
2026-05-25,8,3,1.5,1.2,0.93
2026-05-25,9,4,1.3,1.1,0.75
2026-05-26,1,1,8.6,8.3,7.93
2026-05-26,2,2,8.4,6.9,6.07
2026-05-26,3,3,8.0,6.1,5.16
2026-05-26,4,4,7.6,5.9,5.08
2026-05-26,5,5,7.2,5.8,4.54
2026-05-26,6,1,8.0,6.9,5.95
2026-05-26,7,2,7.6,6.0,5.02
2026-05-26,8,3,6.0,4.6,3.8
2026-05-26,9,4,5.2,4.6,3.31
2026-05-27,1,1,8.6,7.7,7.09
2026-05-27,2,2,8.4,8.0,7.13
2026-05-27,3,3,8.0,7.4,6.55
2026-05-27,4,4,7.6,5.9,5.02
2026-05-27,5,5,3.6,2.8,2.16
2026-05-27,6,1,8.0,7.3,6.69
2026-05-27,7,2,7.6,6.8,5.8
2026-05-27,8,3,6.0,5.8,4.39
2026-05-27,9,4,5.2,4.7,3.35
2026-05-28,1,1,8.6,6.7,6.06
2026-05-28,2,2,8.4,6.3,6.0
2026-05-28,3,3,8.0,6.4,5.69
2026-05-28,4,4,7.6,6.5,5.57
2026-05-28,5,5,7.2,5.7,4.49
2026-05-28,6,1,8.0,6.9,5.85
2026-05-28,7,2,7.6,6.0,5.23
2026-05-28,8,3,6.0,5.2,4.23
2026-05-28,9,4,5.2,4.1,3.05
2026-05-29,1,1,7.0,5.3,4.82
2026-05-29,2,2,6.8,6.2,5.92
2026-05-29,3,3,6.5,6.0,5.31
2026-05-29,4,4,6.2,5.0,4.28
2026-05-29,5,5,5.9,5.2,4.27
2026-05-29,6,1,6.5,6.1,5.42
2026-05-29,7,2,6.2,5.4,4.59
2026-05-29,8,3,4.9,3.7,3.08
2026-05-29,9,4,4.2,3.6,2.63
2026-05-30,1,1,0.0,0.0,0.0
2026-05-30,2,2,0.0,0.0,0.0
2026-05-30,3,3,0.0,0.0,0.0
2026-05-30,4,4,0.0,0.0,0.0
2026-05-30,5,5,0.0,0.0,0.0
2026-05-30,6,1,0.0,0.0,0.0
2026-05-30,7,2,0.0,0.0,0.0
2026-05-30,8,3,0.0,0.0,0.0
2026-05-30,9,4,0.0,0.0,0.0
2026-05-31,1,1,0.0,0.0,0.0
2026-05-31,2,2,0.0,0.0,0.0
2026-05-31,3,3,0.0,0.0,0.0
2026-05-31,4,4,0.0,0.0,0.0
2026-05-31,5,5,0.0,0.0,0.0
2026-05-31,6,1,0.0,0.0,0.0
2026-05-31,7,2,0.0,0.0,0.0
2026-05-31,8,3,0.0,0.0,0.0
2026-05-31,9,4,0.0,0.0,0.0
2026-06-01,1,1,8.6,7.2,6.8
2026-06-01,2,2,8.4,6.9,6.13
2026-06-01,3,3,8.0,6.4,5.51
2026-06-01,4,4,7.6,6.3,5.41
2026-06-01,5,5,7.2,6.5,4.97
2026-06-01,6,1,8.0,7.3,6.77
2026-06-01,7,2,7.6,6.9,6.04
2026-06-01,8,3,6.0,5.6,4.59
2026-06-01,9,4,5.2,4.2,3.23
2026-06-02,1,1,8.6,6.7,6.16
2026-06-02,2,2,8.4,6.5,5.9
2026-06-02,3,3,8.0,6.6,5.62
2026-06-02,4,4,7.6,5.7,5.09
2026-06-02,5,5,7.2,5.7,4.81
2026-06-02,6,1,8.0,6.1,5.18
2026-06-02,7,2,7.6,6.8,5.62
2026-06-02,8,3,6.0,4.9,3.63
2026-06-02,9,4,5.2,4.0,3.09
2026-06-03,1,1,8.6,6.8,6.43
2026-06-03,2,2,8.4,7.6,7.06
2026-06-03,3,3,8.0,6.8,5.97
2026-06-03,4,4,7.6,5.9,4.78
2026-06-03,5,5,7.2,6.7,5.78
2026-06-03,6,1,8.0,6.1,5.22
2026-06-03,7,2,7.6,7.2,6.45
2026-06-03,8,3,6.0,4.9,3.74
2026-06-03,9,4,5.2,4.8,3.18
2026-06-04,1,1,8.6,7.1,6.5
2026-06-04,2,2,8.4,7.1,6.5
2026-06-04,3,3,8.0,6.5,5.84
2026-06-04,4,4,7.6,6.6,5.32
2026-06-04,5,5,7.2,6.7,5.28
2026-06-04,6,1,8.0,6.3,5.72
2026-06-04,7,2,7.6,6.1,5.39
2026-06-04,8,3,6.0,5.1,3.87
2026-06-04,9,4,5.2,4.9,3.42
2026-06-05,1,1,7.0,5.5,4.95
2026-06-05,2,2,6.8,6.6,5.85
2026-06-05,3,3,6.5,6.3,5.41
2026-06-05,4,4,6.2,5.7,4.94
2026-06-05,5,5,5.9,5.6,4.24
2026-06-05,6,1,6.5,5.9,5.36
2026-06-05,7,2,6.2,5.1,4.3
2026-06-05,8,3,4.9,4.3,3.18
2026-06-05,9,4,4.2,4.1,2.64
2026-06-06,1,1,0.0,0.0,0.0
2026-06-06,2,2,0.0,0.0,0.0
2026-06-06,3,3,0.0,0.0,0.0
2026-06-06,4,4,0.0,0.0,0.0
2026-06-06,5,5,0.0,0.0,0.0
2026-06-06,6,1,0.0,0.0,0.0
2026-06-06,7,2,0.0,0.0,0.0
2026-06-06,8,3,0.0,0.0,0.0
2026-06-06,9,4,0.0,0.0,0.0
2026-06-07,1,1,0.0,0.0,0.0
2026-06-07,2,2,0.0,0.0,0.0
2026-06-07,3,3,0.0,0.0,0.0
2026-06-07,4,4,0.0,0.0,0.0
2026-06-07,5,5,0.0,0.0,0.0
2026-06-07,6,1,0.0,0.0,0.0
2026-06-07,7,2,0.0,0.0,0.0
2026-06-07,8,3,0.0,0.0,0.0
2026-06-07,9,4,0.0,0.0,0.0
2026-06-08,1,1,8.6,7.5,7.26
2026-06-08,2,2,8.4,7.2,6.41
2026-06-08,3,3,8.0,7.5,6.65
2026-06-08,4,4,7.6,7.3,6.37
2026-06-08,5,5,7.2,5.7,4.5
2026-06-08,6,1,8.0,6.6,6.01
2026-06-08,7,2,7.6,5.9,5.32
2026-06-08,8,3,6.0,4.6,3.6
2026-06-08,9,4,5.2,4.8,3.24
2026-06-09,1,1,8.6,8.1,7.59
2026-06-09,2,2,8.4,7.8,7.26
2026-06-09,3,3,8.0,6.2,5.24
2026-06-09,4,4,7.6,6.8,5.68
2026-06-09,5,5,7.2,6.5,4.96
2026-06-09,6,1,8.0,7.4,6.52
2026-06-09,7,2,7.6,7.1,6.39
2026-06-09,8,3,6.0,5.7,4.52
2026-06-09,9,4,5.2,4.6,3.24
2026-06-10,1,1,8.6,8.0,7.64
2026-06-10,2,2,8.4,7.7,7.04
2026-06-10,3,3,8.0,6.6,5.85
2026-06-10,4,4,7.6,6.3,5.13
2026-06-10,5,5,7.2,6.8,5.15
2026-06-10,6,1,8.0,7.6,6.78
2026-06-10,7,2,7.6,6.3,5.47
2026-06-10,8,3,6.0,5.2,3.94
2026-06-10,9,4,5.2,4.5,3.21
2026-06-11,1,1,8.6,8.3,7.78
2026-06-11,2,2,8.4,7.9,7.02
2026-06-11,3,3,8.0,7.3,6.21
2026-06-11,4,4,7.6,7.2,5.85
2026-06-11,5,5,7.2,6.2,5.19
2026-06-11,6,1,8.0,6.7,6.19
2026-06-11,7,2,7.6,6.4,5.32
2026-06-11,8,3,6.0,4.6,3.29
2026-06-11,9,4,5.2,5.1,3.54
2026-06-12,1,1,7.0,6.5,5.95
2026-06-12,2,2,6.8,5.2,4.9
2026-06-12,3,3,6.5,5.2,4.71
2026-06-12,4,4,6.2,4.8,4.01
2026-06-12,5,5,5.9,4.9,4.05
2026-06-12,6,1,6.5,6.2,5.68
2026-06-12,7,2,6.2,5.7,4.91
2026-06-12,8,3,4.9,4.2,3.23
2026-06-12,9,4,4.2,3.6,2.81
